log_rank_p,cox_hr,cox_ci_lower,cox_ci_upper,cox_p,median_ttfr_high,median_ttfr_low,n_matched_pairs,smd_max,n_cohort_filtered,baseline_log_rank_p,baseline_cox_hr
0.00525525787934287,3.1594236427546316,1.0320643950542387,9.671836178276799,0.04387818252528093,158.0,202.0,35,0.09807193618772714,200,0.5831892736546311,
