{
  "precision_mean": 0.2333333333333333,
  "recall_mean": 0.2333333333333333,
  "f1_mean": 0.23333333333333336,
  "precision_std": 0.027216552697590858,
  "recall_std": 0.027216552697590858,
  "f1_std": 0.027216552697590848,
  "per_run": [
    {
      "precision": 0.26666666666666666,
      "recall": 0.26666666666666666,
      "f1": 0.26666666666666666,
      "tp": 8,
      "fp": 22,
      "fn": 22
    },
    {
      "precision": 0.23333333333333334,
      "recall": 0.23333333333333334,
      "f1": 0.23333333333333334,
      "tp": 7,
      "fp": 23,
      "fn": 23
    },
    {
      "precision": 0.2,
      "recall": 0.2,
      "f1": 0.20000000000000004,
      "tp": 6,
      "fp": 24,
      "fn": 24
    }
  ]
}