{
  "CAVE": {
    "train_losses_mean": [
      0.6895372493664423,
      0.6379994272391002,
      0.5943359817514816,
      0.5795542902573944,
      0.5818080600872636,
      0.5806337225213647,
      0.5761088374952474,
      0.5569667206133405,
      0.5598182206725081,
      0.5635351085190972,
      0.5549291920649508,
      0.5482559023524325,
      0.5569298085036377,
      0.5434047289739053,
      0.5410991225217779,
      0.539731709505121,
      0.541675301020344,
      0.5357281839847565,
      0.5279539791569113,
      0.5390957944889864,
      0.5251907028233012,
      0.5204932534992696,
      0.5179422456199924,
      0.5132362438390653,
      0.5152435014620423,
      0.5140593731751045,
      0.5090354283154009,
      0.5061760193457207,
      0.5045585866322121,
      0.49808428138991195,
      0.5013502843081952,
      0.49406159010529516,
      0.4963081293106079,
      0.487843885704875,
      0.4937530236877501,
      0.485225880600512,
      0.48949382930000623,
      0.49154592484235765,
      0.488254688963294,
      0.4767521732151509,
      0.4810075727278988,
      0.4858367261936267,
      0.48106891453266143,
      0.48452300933996834,
      0.4786274831394355,
      0.48403850816190236,
      0.4769303348933657,
      0.4837695698787769,
      0.4825561839242776,
      0.48513758062322937
    ],
    "val_aucs_mean": [
      0.6327018333333333,
      0.7004554166666667,
      0.7272204166666668,
      0.7404314583333335,
      0.7485615000000001,
      0.7531704166666667,
      0.7625913333333334,
      0.7661783333333334,
      0.7692827916666666,
      0.7710901249999998,
      0.7775087083333334,
      0.7725047083333333,
      0.7813026666666666,
      0.7840520833333332,
      0.7898946666666666,
      0.7877700833333333,
      0.7855615,
      0.7922903333333333,
      0.7910954583333334,
      0.7888364583333334,
      0.7996823333333333,
      0.7971474166666667,
      0.796557625,
      0.7974696666666666,
      0.7956487499999999,
      0.7993178333333333,
      0.8000627916666666,
      0.799940625,
      0.7977883333333334,
      0.7992765,
      0.8020979166666665,
      0.8054315000000001,
      0.8055528333333334,
      0.8062310833333335,
      0.8048012916666667,
      0.8075367083333335,
      0.8078947916666666,
      0.8072655000000001,
      0.8076685416666667,
      0.806924125,
      0.808121875,
      0.805420625,
      0.808303,
      0.8075663333333334,
      0.8091280833333334,
      0.8078136666666667,
      0.8053276666666666,
      0.8043782500000001,
      0.8076497083333333,
      0.8089623750000001
    ],
    "final_auc_mean": 0.8089623750000001,
    "final_auc_std": 0.0008257072410465313,
    "elicitation_counts_mean": [
      0.0,
      176.0,
      627.0,
      822.0,
      1208.6666666666667,
      1254.0,
      1264.0,
      1636.3333333333333,
      1996.6666666666667,
      1826.6666666666667,
      2333.3333333333335,
      2473.3333333333335,
      2555.6666666666665,
      2559.6666666666665,
      2665.3333333333335,
      2658.3333333333335,
      2704.0,
      2892.6666666666665,
      2960.6666666666665,
      2907.0,
      3095.0,
      3279.3333333333335,
      3225.3333333333335,
      3340.0,
      3300.3333333333335,
      3307.0,
      3277.0,
      3518.3333333333335,
      3520.6666666666665,
      3624.0,
      3669.6666666666665,
      3702.6666666666665,
      3865.3333333333335,
      3867.3333333333335,
      3942.3333333333335,
      3897.6666666666665,
      3954.3333333333335,
      3873.6666666666665,
      3921.3333333333335,
      3950.6666666666665,
      3968.3333333333335,
      3991.6666666666665,
      4084.0,
      4031.0,
      4014.0,
      3967.0,
      4056.6666666666665,
      4062.3333333333335,
      4054.3333333333335,
      4012.6666666666665
    ]
  },
  "Population-RLHF": {
    "train_losses_mean": [
      0.6702023324171703,
      0.6498339295784632,
      0.6420668406685194,
      0.636996977130572,
      0.6326633541782697,
      0.6285045360128084,
      0.6246435236930847,
      0.6202435916463535,
      0.6159117621382078,
      0.6114644115765889,
      0.6072565650145213,
      0.6026892636815707,
      0.5982513205210368,
      0.5935654724637668,
      0.5891054486036301,
      0.5846269040505091,
      0.5809537417292595,
      0.5761693689227104,
      0.5725465253194173,
      0.5684754596352578,
      0.5646948395371437,
      0.5616748750011126,
      0.5580916512409847,
      0.5549802566170693,
      0.5521025373737017,
      0.5492958888212839,
      0.5460550494194031,
      0.5435181486407915,
      0.541238591770331,
      0.5391736619273821,
      0.5363669950962066,
      0.5342206916014353,
      0.5321625854372979,
      0.5302049418489139,
      0.5281392124096552,
      0.5263253627618154,
      0.5248145396709442,
      0.5231829433441162,
      0.5217224277257919,
      0.5207235234181087,
      0.5194454694191615,
      0.5183077854514123,
      0.5173710174957912,
      0.516560888449351,
      0.5158680776158969,
      0.5153103625575701,
      0.5148168651064237,
      0.514445009469986,
      0.5141688196857771,
      0.5140140591859818
    ],
    "val_aucs_mean": [
      0.6298655000000001,
      0.6453695833333333,
      0.648700125,
      0.6511932916666666,
      0.6470069583333333,
      0.6425064166666666,
      0.64369225,
      0.6428843333333334,
      0.6415027083333333,
      0.646804875,
      0.6429,
      0.6395458749999999,
      0.6415143333333334,
      0.6388149583333333,
      0.6389928333333333,
      0.637485125,
      0.6348427916666667,
      0.633595625,
      0.6310695833333333,
      0.6311347083333334,
      0.6236574166666666,
      0.625096,
      0.6242315,
      0.6232083333333334,
      0.6222368333333332,
      0.6206844166666666,
      0.622548875,
      0.6190962083333333,
      0.6210785416666668,
      0.6183813749999999,
      0.6184460833333334,
      0.618526625,
      0.6154916666666667,
      0.6186931666666667,
      0.6165320833333333,
      0.6153002916666667,
      0.6135905833333334,
      0.6138431666666667,
      0.6153107083333333,
      0.6144458333333334,
      0.6137799166666666,
      0.6143925833333334,
      0.613603125,
      0.6146226250000001,
      0.6143225416666667,
      0.6146071666666666,
      0.614341125,
      0.6142704166666667,
      0.6142384166666667,
      0.6142258333333334
    ],
    "final_auc_mean": 0.6142258333333334,
    "final_auc_std": 0.005224218124646808
  },
  "LoCo-RLHF": {
    "train_losses_mean": [
      0.7129618237018586,
      0.6948090161085129,
      0.6917637745936712,
      0.6900082701841991,
      0.6882040323019027,
      0.6862883239587148,
      0.6841391874551773,
      0.681781366388003,
      0.6793629914522171,
      0.6768482458194097,
      0.6742465796868006,
      0.6717528786261876,
      0.669344733675321,
      0.6670439683596294,
      0.6648297384977341,
      0.6626792411406834,
      0.6607051930824915,
      0.6588052928845088,
      0.6570739858150482,
      0.6554055110613505,
      0.6538347957531611,
      0.6524228519996008,
      0.6510520714124044,
      0.6498432377576827,
      0.6486837887366613,
      0.6475859552621842,
      0.646622528274854,
      0.6456935609181722,
      0.6448580072522163,
      0.6440602511167526,
      0.6433854592641195,
      0.6426993123094241,
      0.6421269807219505,
      0.6415752422412236,
      0.6410859951178233,
      0.6406567797660828,
      0.6402613550424575,
      0.6399115524888038,
      0.639607795159022,
      0.6393315111796061,
      0.6390984559257825,
      0.6388960029880206,
      0.6387276629209518,
      0.6385896979769071,
      0.6384752106666566,
      0.6383867576519648,
      0.6383206554452578,
      0.6382730547587077,
      0.63824271941185,
      0.6382262097994487
    ],