{
  "CAVE": {
    "final_auc_mean": 0.8089623750000001,
    "final_auc_std": 0.0008257072410465313,
    "value_diversity_mean": 0.1656047170775015,
    "value_diversity_std": 0.0062089859772767025,
    "drift_precision_mean": 0.0,
    "drift_recall_mean": 0.0,
    "drift_f1_mean": 0.0,
    "total_queries_mean": 149895.33333333334
  },
  "Population-RLHF": {
    "final_auc_mean": 0.6142258333333334,
    "final_auc_std": 0.005224218124646808,
    "value_diversity_mean": 0.0,
    "value_diversity_std": 0.0
  },
  "LoCo-RLHF": {
    "final_auc_mean": 0.5554439583333333,
    "final_auc_std": 0.002904757054408993,
    "value_diversity_mean": 0.03776455667543613,
    "value_diversity_std": 0.0036242650197613126
  },
  "ContextualBandit": {
    "final_auc_mean": 0.8254787916666667,
    "final_auc_std": 0.002016690364013657,
    "value_diversity_mean": 0.08397242885816482,
    "value_diversity_std": 0.001992911917164802
  },
  "StaticPersonalization": {
    "final_auc_mean": 0.6144466666666666,
    "final_auc_std": 0.0034621034329660517,
    "value_diversity_mean": 0.0,
    "value_diversity_std": 0.0
  }
}