{
  "scenario_results": {
    "gradual_drift": {
      "static_alignment": {
        "accuracy": 0.10999999999999999,
        "alignment_score": 0.10666769742965698,
        "stability": 0.9580551385879517,
        "adaptation_accuracy": 1.2539435418674503,
        "user_satisfaction": 0.10833384871482848,
        "agency_preservation": 0.9580551385879517
      },
      "ceva_basic": {
        "accuracy": 0.102,
        "alignment_score": 0.10171371698379517,
        "stability": 0.9918987154960632,
        "adaptation_accuracy": 1.3012219474134665,
        "user_satisfaction": 0.10185685849189757,
        "agency_preservation": 0.9918987154960632
      },
      "ceva_full": {
        "accuracy": 0.11359999999999999,
        "alignment_score": 0.1055690199136734,
        "stability": 0.9927087426185608,
        "adaptation_accuracy": 1.333037333855905,
        "user_satisfaction": 0.10958450995683669,
        "agency_preservation": 0.9927087426185608
      },
      "adaptive_alignment": {
        "accuracy": 0.10400000000000001,
        "alignment_score": 0.10430537164211273,
        "stability": 0.9933279156684875,
        "adaptation_accuracy": 1.0198252608833713,
        "user_satisfaction": 0.10415268582105637,
        "agency_preservation": 0.9933279156684875
      }
    },
    "rapid_shift": {
      "static_alignment": {
        "accuracy": 0.10880000000000001,
        "alignment_score": 0.1091550812125206,
        "stability": 0.9995561838150024,
        "adaptation_accuracy": 0.8908253061235046,
        "user_satisfaction": 0.1089775406062603,
        "agency_preservation": 0.9995561838150024
      },
      "ceva_basic": {
        "accuracy": 0.1016,
        "alignment_score": 0.10198069363832474,
        "stability": 0.9998338222503662,
        "adaptation_accuracy": 160000.94350781702,
        "user_satisfaction": 0.10179034681916237,
        "agency_preservation": 0.9998338222503662
      },
      "ceva_full": {
        "accuracy": 0.1016,
        "alignment_score": 0.10231071710586548,
        "stability": 0.9997766613960266,
        "adaptation_accuracy": 160000.94350781702,
        "user_satisfaction": 0.10195535855293274,
        "agency_preservation": 0.9997766613960266
      },
      "adaptive_alignment": {
        "accuracy": 0.1016,
        "alignment_score": 0.10196095705032349,
        "stability": 0.999927818775177,
        "adaptation_accuracy": 160000.94350781702,
        "user_satisfaction": 0.10178047852516174,
        "agency_preservation": 0.999927818775177
      }
    },
    "value_conflict": {
      "static_alignment": {
        "accuracy": 0.11399999999999999,
        "alignment_score": 0.11293890327215195,
        "stability": 0.9996247887611389,
        "adaptation_accuracy": 480001.11423788744,
        "user_satisfaction": 0.11346945163607597,
        "agency_preservation": 0.9996247887611389
      },
      "ceva_basic": {
        "accuracy": 0.126,
        "alignment_score": 0.1250302493572235,
        "stability": 0.9998621344566345,
        "adaptation_accuracy": 80001.1735582513,
        "user_satisfaction": 0.12551512467861176,
        "agency_preservation": 0.9998621344566345
      },
      "ceva_full": {
        "accuracy": 0.122,
        "alignment_score": 0.12109997868537903,
        "stability": 0.9998010396957397,
        "adaptation_accuracy": 160001.02792922512,
        "user_satisfaction": 0.12154998934268951,
        "agency_preservation": 0.9998010396957397
      },
      "adaptive_alignment": {
        "accuracy": 0.1216,
        "alignment_score": 0.1203102171421051,
        "stability": 0.9997901916503906,
        "adaptation_accuracy": 160001.14705963188,
        "user_satisfaction": 0.12095510857105254,
        "agency_preservation": 0.9997901916503906
      }
    }
  },
  "config": {
    "num_users": 50,
    "num_timesteps": 100,
    "num_epochs": 50,
    "scenarios": [
      "gradual_drift",
      "rapid_shift",
      "value_conflict"
    ]
  }
}