{
  "hypothesis_id": "h-m2",
  "gate_type": "SHOULD_WORK",
  "gate_status": "PARTIAL",
  "n_directional": 1,
  "coefficients": {
    "early": {
      "beta_L": -0.024752567309207774,
      "beta_H": -0.029040601985628828,
      "beta_S": -0.0021673101006288915,
      "beta_Q": -2.180908684389905e-05
    },
    "late": {
      "beta_L": 0.055542390514117385,
      "beta_H": -0.008064079541087612,
      "beta_S": 0.00946037282707145,
      "beta_Q": -0.01698011969960088
    },
    "deltas": {
      "beta_L": 0.08029495782332516,
      "beta_H": 0.020976522444541214,
      "beta_S": 0.01162768292770034
    }
  },
  "confidence_intervals": {
    "early_95ci": {
      "beta_L": [
        -0.042644783146111434,
        -0.006222015626606954
      ],
      "beta_H": [
        -0.04796286920687224,
        -0.011082069537815034
      ],
      "beta_S": [
        -0.020831104519138617,
        0.010409315359668617
      ]
    },
    "late_95ci": {
      "beta_L": [
        0.04272057697067476,
        0.06842009542168127
      ],
      "beta_H": [
        -0.023689272490859815,
        0.006658600012161325
      ],
      "beta_S": [
        0.0036007364615624512,
        0.015562906844760117
      ]
    },
    "non_overlap": {
      "beta_L": true,
      "beta_H": false,
      "beta_S": false
    }
  },
  "diagnostics": {
    "sign_consistent": true,
    "beta_q_stable": true,
    "topic_balance_pvalue": 4.038404276974149e-275,
    "early_auc": 0.4951705564992203,
    "late_auc": 0.5111251023334819,
    "longer_pref_rate": 0.0,
    "n_high_ambiguity": 0
  },
  "figures_generated": [
    "/home/anonymous/YouRA_results_new_4_sonnet46_no_mcp/TEST_bi_align_3/docs/youra_research/20260503_bi_align/h-m2/figures/fig1_coefficient_comparison.png",
    "/home/anonymous/YouRA_results_new_4_sonnet46_no_mcp/TEST_bi_align_3/docs/youra_research/20260503_bi_align/h-m2/figures/fig2_bootstrap_distributions.png",
    "/home/anonymous/YouRA_results_new_4_sonnet46_no_mcp/TEST_bi_align_3/docs/youra_research/20260503_bi_align/h-m2/figures/fig3_feature_stability_rounds.png",
    "/home/anonymous/YouRA_results_new_4_sonnet46_no_mcp/TEST_bi_align_3/docs/youra_research/20260503_bi_align/h-m2/figures/fig4_cross_round_scatter.png",
    "/home/anonymous/YouRA_results_new_4_sonnet46_no_mcp/TEST_bi_align_3/docs/youra_research/20260503_bi_align/h-m2/figures/fig5_topic_balance.png",
    "/home/anonymous/YouRA_results_new_4_sonnet46_no_mcp/TEST_bi_align_3/docs/youra_research/20260503_bi_align/h-m2/figures/fig6_gate_metrics.png"
  ],
  "completed_at": "2026-05-03T10:33:05.945393Z"
}