{
  "gate_passed": true,
  "drift_significant": false,
  "interaction_p_value": 1.0,
  "brier_diff": 0.0763548590841877,
  "brier_r1": 0.07670756081186123,
  "brier_r2": 0.0003527017276735234,
  "coeff_results": [
    {
      "round_id": 1,
      "beta_L": 40.69445517447177,
      "beta_H": 0.054493139858149305,
      "beta_S": 0.05638490505928756,
      "ci_L": [
        40.35065387651478,
        41.050702998668044
      ],
      "ci_H": [
        0.010530909193112082,
        0.09278198777919429
      ],
      "ci_S": [
        -0.07040913088761781,
        0.1710003414788174
      ],
      "p_values": {
        "beta_L": 0.0,
        "beta_H": 0.01,
        "beta_S": 0.41
      }
    },
    {
      "round_id": 2,
      "beta_L": 5.118882534269777,
      "beta_H": -0.25257196723262065,
      "beta_S": -0.15136617789076387,
      "ci_L": [
        4.900724213290117,
        5.277186880823327
      ],
      "ci_H": [
        -0.3238216442801764,
        -0.15274400163898036
      ],
      "ci_S": [
        -0.30291663225249027,
        0.01586551656186405
      ],
      "p_values": {
        "beta_L": 0.0,
        "beta_H": 0.0,
        "beta_S": 0.08
      }
    },
    {
      "round_id": 3,
      "beta_L": 30.834835917028123,
      "beta_H": -0.04802588590286115,
      "beta_S": -0.009740344094184762,
      "ci_L": [
        30.185280632948455,
        31.63214052454535
      ],
      "ci_H": [
        -0.10004463226024346,
        0.01584229370133058
      ],
      "ci_S": [
        -0.10627831343927352,
        0.06838977261900234
      ],
      "p_values": {
        "beta_L": 0.0,
        "beta_H": 0.12,
        "beta_S": 0.81
      }
    }
  ],
  "bonferroni_p_values": {
    "beta_L": 0.0,
    "beta_H": 0.36,
    "beta_S": 1.0
  },
  "placebo_p_values": {
    "beta_L": 0.025,
    "beta_H": 0.245,
    "beta_S": 0.635
  },
  "webgpt_dose_response": {
    "dose_response_coefs": [
      0.0,
      0.0,
      0.0
    ],
    "dose_response_p_values": {
      "beta_L": 1.0,
      "beta_H": 1.0,
      "beta_S": 1.0
    },
    "worker_fixed_effects": {}
  },
  "figures_saved": [
    "../figures/coefficient_drift.png",
    "../figures/ambiguity_stratification.png",
    "../figures/q_early_calibration.png",
    "../figures/placebo_distribution.png",
    "../figures/feature_correlation.png",
    "../figures/gate_metrics_comparison.png"
  ],
  "n_significant_coefficients": 1,
  "vif": {
    "beta_L": 1.0285934995470494,
    "beta_H": 1.000583358880319,
    "beta_S": 1.0291843093657695
  }
}