{
  "gate": "PARTIAL",
  "rho_full": -0.5347166936744044,
  "p_value_full": 0.0033730570364484927,
  "ci95": [
    -0.7815436058380623,
    -0.1009779298157936
  ],
  "n": 30,
  "n_consistent_positive_families": 1,
  "conditions_met": 1,
  "baseline_rho_pc1_ece": -0.5105672969966629
}