{
  "spearman_correlation": {
    "rho": 0.38921909785719777,
    "p_value": 1.2891736865220179e-29,
    "ci_low": 0.3283291157682053,
    "ci_high": 0.4498256133060919,
    "n_pairs": 780,
    "gate_passed": true,
    "thresholds": {
      "rho_threshold": 0.3,
      "p_threshold": 0.05
    }
  },
  "p3_control": {
    "within_task_mean": 6.931355356086383,
    "within_cluster_mean": 7.785561776749499,
    "ratio": 0.8902832646946448,
    "control_passed": false,
    "threshold": 0.5
  },
  "overall_gate_passed": false
}