{
  "hypothesis_id": "h-e1",
  "hypothesis_type": "EXISTENCE",
  "experiment_date": "2026-03-24T16:36:38.183599",
  "gate": {
    "type": "MUST_WORK",
    "result": "FAIL",
    "per_family": {
      "qwen": true,
      "llama": false,
      "mistral": true
    }
  },
  "metrics": {
    "qwen": {
      "base_auroc": 0.8298135294077478,
      "base_auroc_ci": [
        0.822914528356586,
        0.8358372181097357
      ],
      "instruct_auroc": 0.8075731610468698,
      "instruct_auroc_ci": [
        0.7993549259360967,
        0.8154577441322988
      ],
      "delta": 0.02224036836087795,
      "base_accuracy": 0.7139296396524711,
      "instruct_accuracy": 0.7045292693348526
    },
    "mistral": {
      "base_auroc": 0.7797304265516064,
      "base_auroc_ci": [
        0.7726748285810369,
        0.7872646731449977
      ],
      "instruct_auroc": 0.7412743949242078,
      "instruct_auroc_ci": [
        0.7333456077226,
        0.7488721670743066
      ],
      "delta": 0.038456031627398635,
      "base_accuracy": 0.5874519299245122,
      "instruct_accuracy": 0.5771969804871101
    }
  },
  "summary": {
    "mean_delta": 0.030348199994138292,
    "all_families_degraded": true,
    "families_tested": 2
  }
}