{
  "config": {
    "train_size": 5000,
    "val_size": 1000,
    "test_size": 1000,
    "p_spurious": 0.9,
    "epochs": 30,
    "batch_size": 128,
    "lr": 0.001,
    "temperature": 0.5,
    "lambda_curv": 0.01,
    "eval_freq": 5,
    "seed": 42,
    "output_dir": "./claude_code"
  },
  "final_metrics": {
    "SimCLR": {
      "final_core_acc": 0.79,
      "final_spurious_acc": 0.915,
      "aligned_acc": 0.845,
      "conflict_acc": 0.31,
      "robustness_gap": 0.5349999999999999
    },
    "CR-InfoNCE": {
      "final_core_acc": 0.79,
      "final_spurious_acc": 0.885,
      "aligned_acc": 0.84,
      "conflict_acc": 0.28,
      "robustness_gap": 0.5599999999999999
    },
    "SimCLR+WD": {
      "final_core_acc": 0.665,
      "final_spurious_acc": 0.735,
      "aligned_acc": 0.705,
      "conflict_acc": 0.24,
      "robustness_gap": 0.46499999999999997
    },
    "LateTVG": {
      "final_core_acc": 0.755,
      "final_spurious_acc": 0.9,
      "aligned_acc": 0.85,
      "conflict_acc": 0.335,
      "robustness_gap": 0.5149999999999999
    }
  },
  "robustness": {
    "SimCLR": {
      "aligned": 0.845,
      "conflict": 0.31,
      "robustness_gap": 0.5349999999999999
    },
    "CR-InfoNCE": {
      "aligned": 0.84,
      "conflict": 0.28,
      "robustness_gap": 0.5599999999999999
    },
    "SimCLR+WD": {
      "aligned": 0.705,
      "conflict": 0.24,
      "robustness_gap": 0.46499999999999997
    },
    "LateTVG": {
      "aligned": 0.85,
      "conflict": 0.335,
      "robustness_gap": 0.5149999999999999
    }
  },
  "training_history": {
    "SimCLR": {
      "train_losses": [
        4.9639959126710895,
        4.753500902652741,
        4.7130945950746534,
        4.6407840102910995,
        4.590927982330323,
        4.5728368133306505,
        4.53961495757103,
        4.494251865148544,
        4.477526143193245,
        4.467872467637062,
        4.44457198381424,
        4.431366270780563,
        4.416658908128738,
        4.397660052776336,
        4.382488000392914,
        4.410248923301697,
        4.375617960095406,
        4.3513087928295135,
        4.346662503480911,
        4.348556968569755,
        4.326014447212219,
        4.326855236291886,
        4.308404707908631,
        4.292140325903892,
        4.293785083293915,
        4.273754611611366,
        4.300188279151916,
        4.255949491262436,
        4.274879670143127,
        4.268168121576309
      ],
      "val_losses": [
        4.912746429443359,
        4.8135886788368225,
        4.766565501689911,
        4.66343230009079,
        4.722070276737213,
        4.6879563331604,
        4.535445034503937,
        4.585359811782837,
        4.52467542886734,
        4.523417770862579,
        4.493293344974518,
        4.508693039417267,
        4.466026544570923,
        4.494744896888733,
        4.422360062599182,
        4.4470391273498535,
        4.433987259864807,
        4.4535040855407715,
        4.456693589687347,
        4.403831303119659,
        4.402429938316345,
        4.371093034744263,
        4.369643807411194,
        4.395004153251648,
        4.392142057418823,
        4.380273461341858,
        4.368630230426788,
        4.366801679134369,
        4.3316720724105835,
        4.357645809650421
      ],
      "spurious_encoding_rates": [
        0.97,
        0.965,
        0.95,
        0.935,
        0.92,
        0.915
      ],
      "core_encoding_rates": [
        0.85,
        0.84,
        0.825,
        0.815,
        0.79,
        0.79
      ]
    },
    "CR-InfoNCE": {
      "train_losses": [
        6.197202238440513,
        5.3330068528652195,
        5.238034215569496,
        5.217268311977387,
        5.10934699177742,
        5.000562563538551,
        4.922686234116554,
        4.9143196761608126,
        4.90934002995491,
        4.8831617385149,
        4.835588055849075,
        4.821750420331955,
        4.829626768827438,
        4.853382855653763,
        4.794178628921509,
        4.7653227120637895,
        4.738542005419731,
        4.749717527627945,
        4.742055907845497,
        4.753823280334473,
        4.694003623723984,
        4.675771284103393,
        4.691764336824417,
        4.725457549095154,
        4.674538490176201,
        4.662143579125404,
        4.677452939748764,
        4.661081689596176,
        4.650270029902458,
        4.643749815225601
      ],
      "val_losses": [
        4.962482213973999,
        4.858170509338379,
        4.806331992149353,
        4.750235199928284,
        4.771068334579468,
        4.719100892543793,
        4.696282863616943,
        4.720761179924011,
        4.668412864208221,
        4.7276358008384705,
        4.623896896839142,
        4.676808655261993,
        4.719569027423859,
        4.691198468208313,
        4.639613211154938,
        4.6414753794670105,
        4.559807598590851,
        4.614063799381256,
        4.587955415248871,
        4.58514404296875,
        4.581762075424194,
        4.5962788462638855,
        4.72377747297287,
        4.555153071880341,
        4.519957721233368,
        4.561887621879578,
        4.631382048130035,
        4.56140798330307,
        4.517274439334869,
        4.612092614173889
      ],
      "spurious_encoding_rates": [
        0.975,
        0.97,
        0.955,
        0.93,
        0.955,
        0.885
      ],
      "core_encoding_rates": [
        0.85,
        0.845,
        0.855,
        0.79,
        0.805,
        0.79
      ]
    },
    "SimCLR+WD": {
      "train_losses": [
        4.994577729701996,
        4.808535313606262,
        4.787009853124618,
        4.826367580890656,
        4.717373412847519,
        4.72772364616394,
        4.778893849253654,
        4.679745137691498,
        4.771584057807923,
        4.837779140472412,
        4.790680563449859,
        4.7688274621963505,
        4.701221892237664,
        4.715487408638,
        4.674852368235588,
        4.704245126247406,
        4.6663886427879335,
        4.652226132154465,
        4.70603820681572,
        4.710073214769364,
        4.656369769573212,
        4.7706145465373995,
        4.669417005777359,
        4.641536343097687,
        4.611814597249031,
        4.628720888495446,
        4.577189069986344,
        4.617823195457459,
        4.654279017448426,
        4.6989126145839695
      ],
      "val_losses": [
        4.9008073806762695,
        4.907378613948822,
        4.987314522266388,
        4.882199645042419,
        4.853067517280579,
        5.101918339729309,
        4.884572625160217,
        4.791785657405853,
        4.9318148493766785,
        5.008370280265808,
        4.9622762799263,
        4.8250356912612915,
        4.845870792865753,
        4.839875280857086,
        4.899394750595093,
        4.860028624534607,
        4.758088707923889,
        4.959651947021484,
        4.917645156383514,
        4.780518174171448,
        4.938463509082794,
        4.808865904808044,
        4.779736220836639,
        4.744627356529236,
        4.758722543716431,
        4.740114092826843,
        4.762137413024902,
        4.87293016910553,
        4.965921640396118,
        4.815126299858093
      ],
      "spurious_encoding_rates": [
        0.92,
        0.76,
        0.75,
        0.73,
        0.76,
        0.735
      ],
      "core_encoding_rates": [
        0.785,
        0.675,
        0.67,
        0.615,
        0.655,
        0.665
      ]
    },