,final_core_acc,final_spurious_acc,aligned_acc,conflict_acc,robustness_gap
SimCLR,0.79,0.915,0.845,0.31,0.5349999999999999
CR-InfoNCE,0.79,0.885,0.84,0.28,0.5599999999999999
SimCLR+WD,0.665,0.735,0.705,0.24,0.46499999999999997
LateTVG,0.755,0.9,0.85,0.335,0.5149999999999999
