{
  "hypothesis_id": "h-m1",
  "mock_test": true,
  "timestamp": "2026-04-20 04:22:55",
  "sample_size": 100,
  "groups": {
    "successful": {
      "count": 63,
      "mean_variance": 0.0879795212654288,
      "std_variance": 0.05008672175060111
    },
    "timeout": {
      "count": 37,
      "mean_variance": 0.2869975964259449,
      "std_variance": 0.14583193417856838
    }
  },
  "statistics": {
    "t_statistic": 9.785392207962454,
    "p_value": 3.537795961962131e-16
  },
  "gate": {
    "type": "MUST_WORK",
    "result": "PASS",
    "satisfied": true
  }
}