{
  "schema_version": "FR-10.1",
  "hypothesis_id": "h-m3",
  "gate": {
    "type": "MUST_WORK",
    "condition": "std(c) > 0.05 for ALL 3 models",
    "satisfied": true,
    "detail": {
      "threshold": 0.05,
      "models_passing": 3,
      "models_total": 3,
      "passing_models": [
        "llama3_8b",
        "codellama_7b",
        "deepseek_6.7b"
      ],
      "failing_models": [],
      "gate_pass": true
    }
  },
  "models": {
    "llama3_8b": {
      "std_c": 0.0669462901211865,
      "mean_c": 0.49887631226189527,
      "n_pairs": 1975,
      "gate_pass": true
    },
    "codellama_7b": {
      "std_c": 0.06176175491826643,
      "mean_c": 0.368192217510844,
      "n_pairs": 1890,
      "gate_pass": true
    },
    "deepseek_6.7b": {
      "std_c": 0.07806092493079876,
      "mean_c": 0.6479829437930846,
      "n_pairs": 1865,
      "gate_pass": true
    }
  },
  "secondary_metrics": {
    "llama3_8b": {
      "min_c": 0.19930799305438995,
      "max_c": 0.6959583163261414,
      "histogram": [
        0,
        0,
        0,
        1,
        1,
        9,
        28,
        98,
        307,
        516,
        575,
        315,
        99,
        26,
        0,
        0,
        0,
        0,
        0,
        0
      ],
      "histogram_edges": [
        0.0,
        0.05,
        0.1,
        0.15000000000000002,
        0.2,
        0.25,
        0.30000000000000004,
        0.35000000000000003,
        0.4,
        0.45,
        0.5,
        0.55,
        0.6000000000000001,
        0.65,
        0.7000000000000001,
        0.75,
        0.8,
        0.8500000000000001,
        0.9,
        0.9500000000000001,
        1.0
      ],
      "tier_stats": {
        "hard": {
          "mean_c": 0.48752338501967885,
          "std_c": 0.06513850883838684,
          "n": 1140
        },
        "easy": {
          "mean_c": 0.5143761171195321,
          "std_c": 0.0662690974651516,
          "n": 835
        }
      },
      "correlation": 0.19666892798594243,
      "p_value": 1.135367467400115e-18
    },
    "codellama_7b": {
      "min_c": 0.16132022440433502,
      "max_c": 0.6297746300697327,
      "histogram": [
        0,
        0,
        0,
        7,
        33,
        199,
        498,
        608,
        377,
        128,
        33,
        2,
        5,
        0,
        0,
        0,
        0,
        0,
        0,
        0
      ],
      "histogram_edges": [
        0.0,
        0.05,
        0.1,
        0.15000000000000002,
        0.2,
        0.25,
        0.30000000000000004,
        0.35000000000000003,
        0.4,
        0.45,
        0.5,
        0.55,
        0.6000000000000001,
        0.65,
        0.7000000000000001,
        0.75,
        0.8,
        0.8500000000000001,
        0.9,
        0.9500000000000001,
        1.0
      ],
      "tier_stats": {
        "hard": {
          "mean_c": 0.36641191189939326,
          "std_c": 0.062419441903700676,
          "n": 1705
        },
        "easy": {
          "mean_c": 0.38459989895691743,
          "std_c": 0.05256787585524907,
          "n": 185
        }
      },
      "correlation": 0.14370957151121647,
      "p_value": 3.4712979658741955e-10
    },
    "deepseek_6.7b": {
      "min_c": 0.4054487347602844,
      "max_c": 0.9161096215248108,
      "histogram": [
        0,
        0,
        0,
        0,
        0,
        0,
        0,
        0,
        8,
        34,
        150,
        309,
        474,
        444,
        253,
        132,
        55,
        5,
        1,
        0
      ],
      "histogram_edges": [
        0.0,
        0.05,
        0.1,
        0.15000000000000002,
        0.2,
        0.25,
        0.30000000000000004,
        0.35000000000000003,
        0.4,
        0.45,
        0.5,
        0.55,
        0.6000000000000001,
        0.65,
        0.7000000000000001,
        0.75,
        0.8,
        0.8500000000000001,
        0.9,
        0.9500000000000001,
        1.0
      ],
      "tier_stats": {
        "hard": {
          "mean_c": 0.6523027765957606,
          "std_c": 0.08345144034151672,
          "n": 865
        },
        "easy": {
          "mean_c": 0.6442462884187699,
          "std_c": 0.07287183610887117,
          "n": 1000
        }
      },
      "correlation": -0.045783855795518275,
      "p_value": 0.04805107743507365
    }
  }
}