metric,value
cohens_d,7.834956449179166
silhouette,0.3201420729587987
purity,1.0
