correctness,cyclomatic,ast_depth,runtime_ms,memory_kb,model,alignment_type
0.6874540118847363,4.4260714596148745,6.46398788362281,0.7993292420985183,165.60186404424365,microsoft/phi-2,execution
0.5155994520336202,2.5580836121681996,5.73235229154987,0.5404460046972834,176.64580622368362,Salesforce/codegen-350M-mono,preference
0.3030876741443704,2.969909852161994,4.664885281600844,0.26370173320348284,114.54599737656805,Salesforce/codegen-350M-nl,baseline
0.3275106764780151,2.3042422429595377,4.049512863264476,0.3295835055926347,123.29833121584335,microsoft/CodeGPT-small-py,baseline
