{
  "experiment_1_reproducibility": {
    "with_temporal_cards": {
      "mean_accuracy": 0.8454905218948771,
      "std_accuracy": 0.01848569875744849,
      "variance": 0.0003417210585511327,
      "reproduction_success_rate": 0.92,
      "coefficient_variation": 0.021863874613306293,
      "results": [
        0.8599342830602247,
        0.8472347139765762,
        0.8629537707620138,
        0.8804605971281605,
        0.8453169325055333,
        0.8453172608610163,
        0.8815842563101478,
        0.8653486945830582,
        0.8406105122813009,
        0.8608512008717193,
        0.8407316461437507,
        0.8406854049285949,
        0.8548392454313206,
        0.811734395106844,
        0.8155016433497393,
        0.8387542494151805,
        0.8297433775933115,
        0.8562849466519055,
        0.8318395184895757,
        0.8217539259732941,
        0.879312975378431,
        0.8454844739902693,
        0.8513505640937584,
        0.8215050362757308,
        0.8391123455094963,
        0.8522184517941973,
        0.8269801284515539,
        0.8575139603669134,
        0.8379872262016239,
        0.8441661250041345,
        0.837965867755412,
        0.8870455636901787,
        0.8497300555052413,
        0.8288457814208819,
        0.8664508982420638,
        0.8255831270005796,
        0.8541772719000951,
        0.8108065975224045,
        0.8234362790220313,
        0.8539372247173824,
        0.8647693315999082,
        0.8534273656237994,
        0.8476870343522351,
        0.8439779260882142,
        0.8204295601926515,
        0.8356031158321058,
        0.8407872245808042,
        0.8711424445243783,
        0.8568723657913692,
        0.8147391968927453
      ]
    },
    "without_temporal_cards": {
      "mean_accuracy": 0.8627352670952539,
      "std_accuracy": 0.07840287331240468,
      "variance": 0.006147010543640978,
      "reproduction_success_rate": 0.68,
      "coefficient_variation": 0.09087709324365464,
      "results": [
        0.8705919940275755,
        0.7773214853775471,
        0.8197197515152941,
        0.8072067520979543,
        0.91864586768573,
        0.8169592014148218,
        0.8898550867589826,
        1.0,
        0.9510289235614123,
        0.8148628114505893,
        0.8222849685609079,
        0.8864255727645797,
        0.7165069834389094,
        0.781033160399215,
        0.8894328678498993,
        0.8400549283083611,
        1.0,
        0.8005245876012489,
        0.7662528811027954,
        0.7788305929071838,
        0.8511232429757702,
        0.8371336251067373,
        1.0,
        0.8180707425179581,
        0.8543555650691658,
        0.9207345452156095,
        0.8413615550925653,
        0.8944485587401456,
        0.8815925308760141,
        0.9169764018117837,
        0.7373697463682738,
        0.9146279530907921,
        0.8389373084287192,
        0.8649742868267196,
        0.8190673491589281,
        0.9827238983833594,
        0.6862344695125981,
        0.961945358904494,
        0.7956794303038246,
        0.9723188107676767,
        0.9476972770602774,
        0.9311990813426159,
        0.9162503985879761,
        1.0,
        0.8024035463893257,
        0.8034984369977267,
        0.7975284683052907,
        0.9240119082685498,
        0.7460670924599317,
        0.930893349376861
      ]
    },
    "improvement": {
      "variance_reduction_percent": 94.44085777753156,
      "success_rate_improvement_percent": 35.29411764705882,
      "cv_reduction_percent": 75.94126987019041
    }
  },
  "experiment_2_impact_tracing": {
    "automated_tracing": {
      "precision": 0.9493670886075949,
      "recall": 0.9259259259259259,
      "f1_score": 0.9375000000000001,
      "true_positives": 150,
      "false_positives": 8,
      "false_negatives": 12
    },
    "manual_review": {
      "precision": 0.8571428571428571,
      "recall": 0.5294117647058824,
      "f1_score": 0.6545454545454545,
      "true_positives": 90,
      "false_positives": 15,
      "false_negatives": 80
    }
  },
  "experiment_3_annotation_propagation": {
    "with_temporal_system": {
      "propagation_rate": 0.95,
      "avg_notification_time_days": 2.5,
      "user_acknowledgment_rate": 0.88,
      "notification_times": [
        0.9385361799537182,
        6.020242861835042,
        2.6334913870908987,
        1.8258851075519065
      ],
      "median_notification_time": 2.229688247321403,
      "coverage": 0.475
    },
    "without_temporal_system": {
      "propagation_rate": 0.45,
      "avg_notification_time_days": 18.0,
      "user_acknowledgment_rate": 0.32,
      "notification_times": [
        1.8334393921901697,
        14.088268659958889
      ],
      "median_notification_time": 7.9608540260745295,
      "coverage": 0.225
    }
  },
  "experiment_4_statistical_signatures": {
    "divergences": [
      {
        "from_version": "1.0.0",
        "to_version": "1.0.1",
        "kl_divergence": 3.9294938308411485e-05,
        "js_distance": 0.0031329474757807074
      },
      {
        "from_version": "1.0.1",
        "to_version": "1.1.0",
        "kl_divergence": 0.00046374584902461255,
        "js_distance": 0.010762802606851895
      },
      {
        "from_version": "1.1.0",
        "to_version": "1.1.1",
        "kl_divergence": 6.128273701470942e-05,
        "js_distance": 0.003916725758690341
      },
      {
        "from_version": "1.1.1",
        "to_version": "2.0.0",
        "kl_divergence": 0.0,
        "js_distance": 0.0
      }
    ],
    "result_variances": {
      "1.0.0": {
        "mean": 0.8435857912392215,
        "variance": 0.0020626981743898003,
        "std": 0.045416937087278356
      },
      "1.0.1": {
        "mean": 0.8576230499601806,
        "variance": 0.0014603298763914408,
        "std": 0.0382142627351548
      },
      "1.1.0": {
        "mean": 0.8479868758967494,
        "variance": 0.0008465949506521528,
        "std": 0.029096304759404636
      },
      "1.1.1": {
        "mean": 0.8540329122832471,
        "variance": 0.0012140080557096822,
        "std": 0.03484261838194257
      },
      "2.0.0": {
        "mean": 0.8569208521515876,
        "variance": 0.0017154327429882471,
        "std": 0.04141778293183071
      }
    },
    "version_ids": [
      "1.0.0",
      "1.0.1",
      "1.1.0",
      "1.1.1",
      "2.0.0"
    ]
  },
  "experiment_5_changelog_accuracy": {
    "operations_detected": 1,
    "add_operations": 1,
    "delete_operations": 0,
    "expected_additions": 100,
    "changelog_complete": true
  }
}