{
  "hypothesis_id": "h-m1",
  "gate": {
    "type": "MUST_WORK",
    "threshold": 0.05,
    "pass": true,
    "p_value": 0.00015794450354763556
  },
  "kruskal_wallis": {
    "H": 17.506533660014206,
    "p": 0.00015794450354763556
  },
  "corpus_means": {
    "pile": 0.06532325539518134,
    "c4": 0.04050045762711864,
    "redpajama": 0.05748440677966101
  },
  "max_pair_diff_pp": 2.4822797768062705,
  "wimbd_consistency": {
    "spearman_rho": 0.720700395867014,
    "p_value": 0.00015460354452043917
  },
  "sensitivity": {
    "format_spearman_rho": {
      "pile": 0.9947835244883748,
      "c4": 0.9963323942532949,
      "redpajama": 0.9945497328257451
    },
    "conclusion": "Rankings robust"
  },
  "dunn_posthoc": [
    [
      1.0,
      0.00015571569038399082,
      0.8099220355920068
    ],
    [
      0.00015571569038399082,
      1.0,
      0.009727672108333524
    ],
    [
      0.8099220355920068,
      0.009727672108333524,
      1.0
    ]
  ],
  "c4_sampled": true,
  "rp_sampled": true,
  "poc_note": "Pile column: validated real wimbd data from H-E1. C4/RedPajama: MinHash LSH built on 10% streaming sample (fallback strategy per config.sample_fraction=0.1). Cross-corpus Kruskal-Wallis gate evaluated on all 3 corpora.",
  "completed_at": "2026-05-04T04:29:35.185674+00:00"
}