{
  "pile": {
    "academic": 0.06636097050662706,
    "commonsense": 0.03574837471897705,
    "n_academic": 57,
    "n_commonsense": 2
  },
  "c4": {
    "academic": 0.04114384210526315,
    "commonsense": 0.022164,
    "n_academic": 57,
    "n_commonsense": 2
  },
  "redpajama": {
    "academic": 0.058397596491228075,
    "commonsense": 0.0314585,
    "n_academic": 57,
    "n_commonsense": 2
  }
}