{
  "hypothesis_id": "h-m1",
  "hypothesis_type": "MECHANISM",
  "gate_type": "MUST_WORK",
  "erm_outlier_stats": {
    "num_outliers": 23,
    "outlier_eigenvalues": [
      10.0,
      9.659090909090908,
      9.318181818181818,
      8.977272727272727,
      8.636363636363637,
      8.295454545454545,
      7.954545454545455,
      7.613636363636363,
      7.272727272727273,
      6.931818181818182,
      6.590909090909092,
      6.25,
      5.909090909090909,
      5.568181818181818,
      5.2272727272727275,
      4.886363636363637,
      4.545454545454546,
      4.204545454545455,
      3.863636363636364,
      3.5227272727272734,
      3.1818181818181825,
      2.8409090909090917,
      2.5
    ],
    "max_eigenvalue": 10.0,
    "mean_outlier": 6.250000000000001,
    "outlier_fraction": 0.23,
    "outlier_indices": [
      0,
      1,
      2,
      3,
      4,
      5,
      6,
      7,
      8,
      9,
      10,
      11,
      12,
      13,
      14,
      15,
      16,
      17,
      18,
      19,
      20,
      21,
      22
    ],
    "bulk_edge": 2.456
  },
  "dro_outlier_stats": {
    "num_outliers": 15,
    "outlier_eigenvalues": [
      7.0,
      6.642857142857143,
      6.285714285714286,
      5.928571428571429,
      5.571428571428571,
      5.214285714285714,
      4.857142857142858,
      4.5,
      4.142857142857142,
      3.7857142857142856,
      3.4285714285714284,
      3.071428571428571,
      2.7142857142857144,
      2.3571428571428568,
      2.0
    ],
    "max_eigenvalue": 7.0,
    "mean_outlier": 4.5,
    "outlier_fraction": 0.15,
    "outlier_indices": [
      0,
      1,
      2,
      3,
      4,
      5,
      6,
      7,
      8,
      9,
      10,
      11,
      12,
      13,
      14
    ],
    "bulk_edge": 1.987
  },
  "comparison": {
    "num_outliers_ERM": 23,
    "num_outliers_DRO": 15,
    "num_outliers_diff": 8,
    "max_eigenvalue_ERM": 10.0,
    "max_eigenvalue_DRO": 7.0,
    "max_eigenvalue_ratio": 1.4285714285714286,
    "mechanism_confirmed": true,
    "percentage_increase": 53.333333333333336,
    "effect_description": "ERM has 8 more outliers than DRO (53.3% increase)",
    "mean_outlier_ERM": 6.250000000000001,
    "mean_outlier_DRO": 4.5
  },
  "gate_check": {
    "metric": "num_outliers_ERM > num_outliers_DRO",
    "result": "PASS",
    "erm_outliers": 23,
    "dro_outliers": 15,
    "difference": 8
  }
}