{
  "hypothesis_id": "h-m4",
  "gate_type": "SHOULD_WORK",
  "fge_path": {
    "rho": 0.0446632420991266,
    "p_value": 0.8516829437593495,
    "alignment_values": [
      0.16691125403921775,
      1.0,
      1.0,
      1.0,
      1.0,
      0.6242479045782702,
      0.35001370912315105,
      0.20868483147666664,
      0.1309240396987478,
      0.08533881733549095,
      0.05832446590315992,
      0.04143174126454503,
      0.02967573894145039,
      0.021276532475892597,
      0.014856430766970756,
      0.010080102019169764,
      0.006930114829637405,
      0.00577175273876846,
      0.010783101162120239,
      0.09789266628085876
    ],
    "wga_values": [
      0.3233082706766917,
      0.045112781954887216,
      0.007518796992481203,
      0.0,
      0.0,
      0.0,
      0.0,
      0.0,
      0.0,
      0.0,
      0.0,
      0.0,
      0.0,
      0.0,
      0.0,
      0.0,
      0.0,
      0.03007518796992481,
      0.06015037593984962,
      0.09774436090225563
    ],
    "num_samples": 20
  },
  "linear_path": {
    "rho": 0.0446632420991266,
    "p_value": 0.8516829437593495,
    "alignment_values": [
      0.16691125403921775,
      1.0,
      1.0,
      1.0,
      1.0,
      0.6242479045782702,
      0.35001370912315105,
      0.20868483147666664,
      0.1309240396987478,
      0.08533881733549095,
      0.05832446590315992,
      0.04143174126454503,
      0.02967573894145039,
      0.021276532475892597,
      0.014856430766970756,
      0.010080102019169764,
      0.006930114829637405,
      0.00577175273876846,
      0.010783101162120239,
      0.09789266628085876
    ],
    "wga_values": [
      0.3233082706766917,
      0.045112781954887216,
      0.007518796992481203,
      0.0,
      0.0,
      0.0,
      0.0,
      0.0,
      0.0,
      0.0,
      0.0,
      0.0,
      0.0,
      0.0,
      0.0,
      0.0,
      0.0,
      0.03007518796992481,
      0.06015037593984962,
      0.09774436090225563
    ],
    "num_samples": 20
  },
  "success_criteria": {
    "primary_threshold": -0.6,
    "p_value_threshold": 0.01
  }
}