{
  "hypothesis_id": "H-E1",
  "generated_at": "2026-03-16T22:03:00.470725Z",
  "gate_pass": false,
  "gate_criteria": {
    "ratio": true,
    "auc": true,
    "balance_deviation": false
  },
  "primary_epoch": 5,
  "per_epoch_metrics": {
    "1": {
      "ratio": 6.512530686124351,
      "auc": 0.952338090010977,
      "balance_deviation": 0.4,
      "features_count": 4795,
      "h_norm_std_ratio": 0.10184807857191899,
      "g_tilde_mean_G0": 0.08205040544271469,
      "g_tilde_mean_G1": 0.7271212935447693,
      "g_tilde_mean_G2": 0.930705726146698,
      "g_tilde_mean_G3": 0.2410370409488678,
      "h_norm_mean_G0": 25.912784576416016,
      "h_norm_mean_G1": 25.27045440673828,
      "h_norm_mean_G2": 24.718271255493164,
      "h_norm_mean_G3": 24.371578216552734,
      "g_raw_mean_G0": 2.0737197399139404,
      "g_raw_mean_G1": 18.413066864013672,
      "g_raw_mean_G2": 23.21351432800293,
      "g_raw_mean_G3": 5.972794055938721
    },
    "3": {
      "ratio": 7.492674093257632,
      "auc": 0.9116126966703257,
      "balance_deviation": 0.4037433155080214,
      "features_count": 4795,
      "h_norm_std_ratio": 0.09738634471956793,
      "g_tilde_mean_G0": 0.02753213793039322,
      "g_tilde_mean_G1": 0.35976535081863403,
      "g_tilde_mean_G2": 0.6460992693901062,
      "g_tilde_mean_G3": 0.15422900021076202,
      "h_norm_mean_G0": 25.489627838134766,
      "h_norm_mean_G1": 25.625703811645508,
      "h_norm_mean_G2": 25.12698745727539,
      "h_norm_mean_G3": 25.684383392333984,
      "g_raw_mean_G0": 0.6918074488639832,
      "g_raw_mean_G1": 9.279502868652344,
      "g_raw_mean_G2": 16.01856231689453,
      "g_raw_mean_G3": 3.9151389598846436
    },
    "5": {
      "ratio": 8.805025018040832,
      "auc": 0.9139910354921332,
      "balance_deviation": 0.37935034802784223,
      "features_count": 4795,
      "h_norm_std_ratio": 0.10511806968501876,
      "g_tilde_mean_G0": 0.02208908647298813,
      "g_tilde_mean_G1": 0.31256386637687683,
      "g_tilde_mean_G2": 0.43279364705085754,
      "g_tilde_mean_G3": 0.09360451251268387,
      "h_norm_mean_G0": 25.248241424560547,
      "h_norm_mean_G1": 25.68062400817871,
      "h_norm_mean_G2": 25.56167984008789,
      "h_norm_mean_G3": 26.412416458129883,
      "g_raw_mean_G0": 0.5531572699546814,
      "g_raw_mean_G1": 8.099581718444824,
      "g_raw_mean_G2": 10.487095832824707,
      "g_raw_mean_G3": 2.349942922592163
    },
    "10": {
      "ratio": 8.509033721031399,
      "auc": 0.8880918404683499,
      "balance_deviation": 0.3739946380697051,
      "features_count": 4795,
      "h_norm_std_ratio": 0.1182780830271324,
      "g_tilde_mean_G0": 0.010660619474947453,
      "g_tilde_mean_G1": 0.13996315002441406,
      "g_tilde_mean_G2": 0.21063368022441864,
      "g_tilde_mean_G3": 0.04395502060651779,
      "h_norm_mean_G0": 24.94401741027832,
      "h_norm_mean_G1": 26.011743545532227,
      "h_norm_mean_G2": 25.656696319580078,
      "h_norm_mean_G3": 26.88214111328125,
      "g_raw_mean_G0": 0.2597401440143585,
      "g_raw_mean_G1": 3.626695394515991,
      "g_raw_mean_G2": 4.6587958335876465,
      "g_raw_mean_G3": 1.0754672288894653
    }
  },
  "secondary_metrics": {
    "features_count": 4795,
    "h_norm_std_ratio": 0.10511806968501876,
    "g_tilde_mean_G0": 0.02208908647298813,
    "g_tilde_mean_G1": 0.31256386637687683,
    "g_tilde_mean_G2": 0.43279364705085754,
    "g_tilde_mean_G3": 0.09360451251268387,
    "h_norm_mean_G0": 25.248241424560547,
    "h_norm_mean_G1": 25.68062400817871,
    "h_norm_mean_G2": 25.56167984008789,
    "h_norm_mean_G3": 26.412416458129883,
    "g_raw_mean_G0": 0.5531572699546814,
    "g_raw_mean_G1": 8.099581718444824,
    "g_raw_mean_G2": 10.487095832824707,
    "g_raw_mean_G3": 2.349942922592163
  }
}