{
  "hypothesis_id": "h-m1",
  "timestamp": "2026-04-20T04:11:26.068814",
  "mock_test": true,
  "sample_size": 100,
  "groups": {
    "successful": {
      "count": 60,
      "mean_variance": 0.09480415038770601,
      "std_variance": 0.05153982069453293
    },
    "timeout": {
      "count": 40,
      "mean_variance": 0.2944172382095524,
      "std_variance": 0.17615075656865203
    }
  },
  "statistics": {
    "t_statistic": -8.180110621678875,
    "p_value": 1.0456189211496945e-12
  },
  "gate": {
    "type": "MUST_WORK",
    "satisfied": true,
    "result": "PASS"
  }
}