{
  "hypothesis_id": "h-e1",
  "timestamp": "2026-03-17T08:32:08.299817",
  "dataset": {
    "name": "Anthropic/hh-rlhf",
    "total_responses": 10000,
    "splits": {
      "train": 9483,
      "test": 517
    }
  },
  "modal_verbs": {
    "mean": 2.8980054854259705,
    "std": 2.2642678710280353,
    "cv": 0.7813193875632766,
    "min": 0.0,
    "max": 28.57142857142857,
    "median": 2.6785714285714284
  },
  "hedging_markers": {
    "mean": 0.6330959409731206,
    "std": 0.9024976591440204,
    "cv": 1.4255306356202617,
    "min": 0.0,
    "max": 11.11111111111111,
    "median": 0.3067484662576687
  },
  "alternative_framing": {
    "mean": 0.23722429928975047,
    "std": 0.6111729767086099,
    "cv": 2.5763506459433616,
    "min": 0.0,
    "max": 8.88888888888889,
    "median": 0.0
  },
  "cross_split_validation": {
    "train": {
      "mean": 2.8966772581330846,
      "std": 2.2629470069885604,
      "cv": 0.781221656860397,
      "min": 0.0,
      "max": 28.57142857142857,
      "median": 2.6785714285714284
    },
    "test": {
      "mean": 2.9223683082856167,
      "std": 2.2882236289895723,
      "cv": 0.783003163051662,
      "min": 0.0,
      "max": 13.636363636363635,
      "median": 2.73972602739726
    }
  },
  "precision": 1.0,
  "gate_evaluation": {
    "cv_threshold": 0.3,
    "precision_threshold": 0.9,
    "modal_cv": 0.7813193875632766,
    "precision": 1.0,
    "result": "PASS"
  }
}