{
  "heterogeneity_metrics": {
    "d_n_range": 0.2361111111111111,
    "d_n_iqr": 0.07780193236714977,
    "d_n_mean": 0.4848170289855072,
    "d_n_std": 0.07517246045409152,
    "d_n_quartiles": {
      "Q1": 0.43719806763285024,
      "Q2": 0.475,
      "Q3": 0.515
    },
    "entropy_range": 1.139434281488367,
    "entropy_mean": 2.7040752189200767,
    "entropy_std": 0.2996794492419135,
    "entropy_quartiles": {
      "Q1": 2.6390573282152583,
      "Q2": 2.6735537639087346,
      "Q3": 2.8760821526611777
    },
    "pass_criteria": false
  },
  "training_summary": {
    "best_val_loss": 0.6941424608230591,
    "total_epochs": 1
  },
  "gate_result": "FAIL"
}