epoch,train_loss,val_loss,lr
0,0.6937642931938172,0.6941424608230591,0.0001
