{
  "gate_pass": true,
  "sc2_pass": true,
  "sc3_pass": true,
  "sc4_pass": true,
  "r2_deep": {
    "r2_rho_r": 0.06149926067337497,
    "r2_rho_m": 0.006850971641657377,
    "r2_avg": 0.03417511615751617
  },
  "r2_convex": {
    "r2_rho_r": 0.268611277859681,
    "r2_rho_m": 0.15957122362515264
  },
  "delta_r2": 0.207112017186306,
  "min_partial_corr": -0.4495943418664714,
  "details": "SC-2 (R^2<0.8): PASS [r2_rho_r=0.0615, r2_rho_m=0.0069]\nSC-3 (corr<0.85): PASS [min_corr=-0.4496]\nSC-4 (delta>0.15): PASS [delta_r2=0.2071]"
}