{
  "gate_pass": true,
  "partial_corr_pass": true,
  "r2_pass": false,
  "partial_corrs": {
    "10": 0.9961444072576746,
    "25": 0.9945043422201557,
    "50": 0.9899133588197874,
    "75": 0.9905347115659161,
    "100": 0.9915970841534493
  },
  "r2_results": {
    "r2_rho_r": 0.268611277859681,
    "r2_rho_m": 0.15957122362515286,
    "r2_avg": 0.21409125074241692
  },
  "min_partial_corr": 0.9899133588197874,
  "failed_budgets": [],
  "convexity": {
    "is_convex": true,
    "min_eigenvalue": 0.01000035856034768,
    "max_eigenvalue": 0.03296794622369963
  }
}