{
  "deep": {
    "r2_rho_r": 0.06149926067337497,
    "r2_rho_m": 0.006850971641657377,
    "r2_avg": 0.03417511615751617
  },
  "convex": {
    "r2_rho_r": 0.268611277859681,
    "r2_rho_m": 0.15957122362515264,
    "r2_avg": 0.2140912507424168
  },
  "delta": {
    "delta_r2_rho_r": 0.207112017186306,
    "delta_r2_rho_m": 0.15272025198349526
  },
  "by_method": {
    "TRAK": {
      "r2_rho_r": 0.0009576116701227599,
      "r2_rho_m": 0.13859190865415094
    },
    "TracIn": {
      "r2_rho_r": -164.89517543420533,
      "r2_rho_m": -3052.4427582818753
    },
    "IF": {
      "r2_rho_r": -91.33026435841529,
      "r2_rho_m": -3.6279251002675696
    },
    "FastIF": {
      "r2_rho_r": -61.57059801797148,
      "r2_rho_m": -50.01827385083939
    }
  },
  "partial_corr_deep": {
    "10": 0.5244858516239906,
    "25": -0.18567254001639072,
    "50": 0.6846416757605746,
    "75": 0.9876127096162487,
    "100": -0.4495943418664714
  },
  "partial_corr_convex": {
    "10": 0.9961444072576744,
    "25": 0.9945043422201553,
    "50": 0.9899133588197874,
    "75": 0.9905347115659154,
    "100": 0.9915970841534494
  }
}