{
  "cv": 0.15971599439987494,
  "n_high": 720,
  "n_low": 4280,
  "r_quality": 0.05474521434495163,
  "r_date": null,
  "bimodality": {
    "bimodal": true,
    "dip_stat": 0.012952168436841749,
    "dip_p": 9.9625427928407e-06,
    "bc": 0.30448227827649205
  },
  "mean_fair": 0.4299138922664693,
  "std_fair": 0.06866412480965985,
  "n_total": 5000,
  "n_failed": 0
}