{
  "kruskal_wallis": {
    "kruskal_stat": 590.8221143630061,
    "p_value": 2.7258051949636225e-89,
    "gate_pass": true,
    "max_pair_diff": 0.1690904139433551
  },
  "sensitivity": {
    "rho": 0.7375319647167174,
    "p_value": 2.6921956213881316e-11
  }
}