Method,Kendall's τ,Spearman's ρ,Pearson's r,MAE,RMSE
Data-Shapley,0.45356783919597987,0.6218330458261457,0.6612054658101331,0.10148727319057173,0.12999027455133794
DDHS,0.4432997474715584,0.6153643071548319,0.5672780291024282,0.2175322900640127,0.2533733446429094
Documentation-Only,0.41514777115086654,0.5642223387453242,0.5836120539991975,0.29924454507072623,0.35065709411675894
Recency-Only,0.3657949537238756,0.5310576872663018,0.516630462341777,0.1460475617728993,0.18674278257218146
Static-Weighted,0.29678391959798994,0.4237290932273307,0.4585515884867972,0.12467544076724764,0.15747447452906374
Downloads-Only,0.012713887287613412,0.015547144508793007,0.03467663830924282,0.23893631790739078,0.2915479760190118
