Method,AUC-ROC,Avg Precision,F1 (Optimal),Precision@10%,Recall@10%
DDHS,0.597004363722137,0.4486799370061552,0.48543688903525317,0.5,0.16393442622950818
Data-Shapley,0.5934662106380469,0.402137941191271,0.4978165899780707,0.4,0.13114754098360656
Recency-Only,0.5564335416912373,0.3667228334032432,0.4803921526706075,0.35,0.11475409836065574
Documentation-Only,0.5493572355230569,0.39098937775882914,0.46743294660970924,0.45,0.14754098360655737
Static-Weighted,0.5244722254982899,0.3529674664743599,0.4803493410697737,0.3,0.09836065573770492
Downloads-Only,0.4843141879938672,0.31717621820327946,0.46743294660970924,0.35,0.11475409836065574
