Method,Total Time (s),Time/Dataset (ms),Datasets
Documentation-Only,0.0006687641143798828,0.003343820571899414,200
Downloads-Only,0.0006809234619140625,0.0034046173095703125,200
Recency-Only,0.0025942325592041016,0.012971162796020508,200
DDHS,0.01433253288269043,0.07166266441345215,200
Data-Shapley,0.017138242721557617,0.08569121360778809,200
Static-Weighted,0.03318595886230469,0.16592979431152344,200
