{
  "config": {
    "num_datasets": 200,
    "deprecation_rate": 0.15,
    "random_seed": 42,
    "weights": {
      "USI": 0.2,
      "FS": 0.2,
      "DCS": 0.2,
      "CRI": 0.2,
      "EAS": 0.2
    }
  },
  "results": {
    "DDHS": {
      "deprecation": {
        "auc_roc": 0.597004363722137,
        "avg_precision": 0.4486799370061552,
        "precision_at_10": 0.5,
        "recall_at_10": 0.16393442622950818,
        "f1_at_optimal": 0.48543688903525317,
        "n_deprecated": 61,
        "n_total": 200
      },
      "alignment": {
        "kendall_tau": 0.4432997474715584,
        "kendall_p": 1.147043882903733e-20,
        "spearman_rho": 0.6153643071548319,
        "spearman_p": 3.1558752823266417e-22,
        "pearson_r": 0.5672780291024282,
        "pearson_p": 1.9904189575387446e-18,
        "mae": 0.2175322900640127,
        "rmse": 0.2533733446429094,
        "rank_mae": 40.46
      },
      "efficiency": {
        "total_time": 0.01433253288269043,
        "time_per_dataset": 7.166266441345215e-05,
        "n_datasets": 200
      }
    },
    "Downloads-Only": {
      "deprecation": {
        "auc_roc": 0.4843141879938672,
        "avg_precision": 0.31717621820327946,
        "precision_at_10": 0.35,
        "recall_at_10": 0.11475409836065574,
        "f1_at_optimal": 0.46743294660970924,
        "n_deprecated": 61,
        "n_total": 200
      },
      "alignment": {
        "kendall_tau": 0.012713887287613412,
        "kendall_p": 0.7891960055671587,
        "spearman_rho": 0.015547144508793007,
        "spearman_p": 0.8270357573454372,
        "pearson_r": 0.03467663830924282,
        "pearson_p": 0.6259221022990304,
        "mae": 0.23893631790739078,
        "rmse": 0.2915479760190118,
        "rank_mae": 65.09
      },
      "efficiency": {
        "total_time": 0.0006809234619140625,
        "time_per_dataset": 3.4046173095703123e-06,
        "n_datasets": 200
      }
    },
    "Static-Weighted": {
      "deprecation": {
        "auc_roc": 0.5244722254982899,
        "avg_precision": 0.3529674664743599,
        "precision_at_10": 0.3,
        "recall_at_10": 0.09836065573770492,
        "f1_at_optimal": 0.4803493410697737,
        "n_deprecated": 61,
        "n_total": 200
      },
      "alignment": {
        "kendall_tau": 0.29678391959798994,
        "kendall_p": 4.3452405185109105e-10,
        "spearman_rho": 0.4237290932273307,
        "spearman_p": 4.054207225440041e-10,
        "pearson_r": 0.4585515884867972,
        "pearson_p": 8.595520075739783e-12,
        "mae": 0.12467544076724764,
        "rmse": 0.15747447452906374,
        "rank_mae": 48.06
      },
      "efficiency": {
        "total_time": 0.03318595886230469,
        "time_per_dataset": 0.00016592979431152345,
        "n_datasets": 200
      }
    },
    "Data-Shapley": {
      "deprecation": {
        "auc_roc": 0.5934662106380469,
        "avg_precision": 0.402137941191271,
        "precision_at_10": 0.4,
        "recall_at_10": 0.13114754098360656,
        "f1_at_optimal": 0.4978165899780707,
        "n_deprecated": 61,
        "n_total": 200
      },
      "alignment": {
        "kendall_tau": 0.45356783919597987,
        "kendall_p": 1.454525944441869e-21,
        "spearman_rho": 0.6218330458261457,
        "spearman_p": 8.655426005049952e-23,
        "pearson_r": 0.6612054658101331,
        "pearson_p": 1.6428024285078095e-26,
        "mae": 0.10148727319057173,
        "rmse": 0.12999027455133794,
        "rank_mae": 37.36
      },
      "efficiency": {
        "total_time": 0.017138242721557617,
        "time_per_dataset": 8.569121360778809e-05,
        "n_datasets": 200
      }
    },
    "Recency-Only": {
      "deprecation": {
        "auc_roc": 0.5564335416912373,
        "avg_precision": 0.3667228334032432,
        "precision_at_10": 0.35,
        "recall_at_10": 0.11475409836065574,
        "f1_at_optimal": 0.4803921526706075,
        "n_deprecated": 61,
        "n_total": 200
      },
      "alignment": {
        "kendall_tau": 0.3657949537238756,
        "kendall_p": 1.5325365351064564e-14,
        "spearman_rho": 0.5310576872663018,
        "spearman_p": 5.991558439824618e-16,
        "pearson_r": 0.516630462341777,
        "pearson_p": 4.840064127120353e-15,
        "mae": 0.1460475617728993,
        "rmse": 0.18674278257218146,
        "rank_mae": 44.6
      },
      "efficiency": {
        "total_time": 0.0025942325592041016,
        "time_per_dataset": 1.2971162796020508e-05,
        "n_datasets": 200
      }
    },
    "Documentation-Only": {
      "deprecation": {
        "auc_roc": 0.5493572355230569,
        "avg_precision": 0.39098937775882914,
        "precision_at_10": 0.45,
        "recall_at_10": 0.14754098360655737,
        "f1_at_optimal": 0.46743294660970924,
        "n_deprecated": 61,
        "n_total": 200
      },
      "alignment": {
        "kendall_tau": 0.41514777115086654,
        "kendall_p": 3.013596955904085e-17,
        "spearman_rho": 0.5642223387453242,
        "spearman_p": 3.310225478550853e-18,
        "pearson_r": 0.5836120539991975,
        "pearson_p": 1.1977739876776215e-19,
        "mae": 0.29924454507072623,
        "rmse": 0.35065709411675894,
        "rank_mae": 43.47
      },
      "efficiency": {
        "total_time": 0.0006687641143798828,
        "time_per_dataset": 3.343820571899414e-06,
        "n_datasets": 200
      }
    }
  },
  "scalability": [
    {
      "method": "DDHS",
      "n_datasets": 50,
      "mean_time": 0.003658850987752279,
      "std_time": 0.00016221452228200098,
      "time_per_dataset": 7.317701975504558e-05
    },
    {
      "method": "DDHS",
      "n_datasets": 100,
      "mean_time": 0.007104317347208659,
      "std_time": 0.0001246851415582517,
      "time_per_dataset": 7.10431734720866e-05
    },
    {
      "method": "DDHS",
      "n_datasets": 200,
      "mean_time": 0.0139921506245931,
      "std_time": 6.649451950755002e-05,
      "time_per_dataset": 6.99607531229655e-05
    },
    {
      "method": "DDHS",
      "n_datasets": 500,
      "mean_time": 0.03461472193400065,
      "std_time": 0.0001042632430247445,
      "time_per_dataset": 6.92294438680013e-05
    },
    {
      "method": "Downloads-Only",
      "n_datasets": 50,
      "mean_time": 0.00015918413798014322,
      "std_time": 5.959934634924785e-06,
      "time_per_dataset": 3.183682759602864e-06
    },
    {
      "method": "Downloads-Only",
      "n_datasets": 100,
      "mean_time": 0.00032289822896321613,
      "std_time": 1.1800047138349224e-05,
      "time_per_dataset": 3.2289822896321614e-06
    },
    {
      "method": "Downloads-Only",
      "n_datasets": 200,
      "mean_time": 0.0006194909413655599,
      "std_time": 1.5593296064168754e-05,
      "time_per_dataset": 3.0974547068277996e-06
    },
    {
      "method": "Downloads-Only",
      "n_datasets": 500,
      "mean_time": 0.0015409787495930989,
      "std_time": 2.607775679595527e-05,
      "time_per_dataset": 3.0819574991861977e-06
    },
    {
      "method": "Static-Weighted",
      "n_datasets": 50,
      "mean_time": 0.008575995763142904,
      "std_time": 0.0001866882262737081,
      "time_per_dataset": 0.0001715199152628581
    },
    {
      "method": "Static-Weighted",
      "n_datasets": 100,
      "mean_time": 0.016039133071899414,
      "std_time": 0.0001202491862152294,
      "time_per_dataset": 0.00016039133071899414
    },
    {
      "method": "Static-Weighted",
      "n_datasets": 200,
      "mean_time": 0.03126978874206543,
      "std_time": 6.68332257403243e-05,
      "time_per_dataset": 0.00015634894371032714
    },
    {
      "method": "Static-Weighted",
      "n_datasets": 500,
      "mean_time": 0.07751242319742839,
      "std_time": 3.242629023409108e-05,
      "time_per_dataset": 0.0001550248463948568
    }
  ]
}