{
  "scoring_ran": true,
  "n_datasets": 758,
  "n_by_repo": {
    "huggingface": 496,
    "openml": 200,
    "uci": 62
  },
  "coverage_rate": 0.9182058047493403,
  "coverage_rate_huggingface": 1.0,
  "coverage_rate_openml": 1.0,
  "coverage_rate_uci": 0.0,
  "weighted_dts_mean": 0.16890253957783644,
  "weighted_dts_std": 0.12415724793041408,
  "unweighted_dts_mean": 0.22873476567407963,
  "unweighted_dts_std": 0.150123548179254,
  "per_section_coverage": {
    "motivation": {
      "overall": 0.5474934036939314,
      "huggingface": 0.6471774193548387,
      "openml": 0.47,
      "uci": 0.0
    },
    "composition": {
      "overall": 0.266820580474934,
      "huggingface": 0.10534274193548387,
      "openml": 0.75,
      "uci": 0.0
    },
    "collection": {
      "overall": 0.18425681618293754,
      "huggingface": 0.14717741935483872,
      "openml": 0.33333333333333326,
      "uci": 0.0
    },
    "preprocessing": {
      "overall": 0.002198768689533861,
      "huggingface": 0.0,
      "openml": 0.008333333333333333,
      "uci": 0.0
    },
    "uses": {
      "overall": 0.0,
      "huggingface": 0.0,
      "openml": 0.0,
      "uci": 0.0
    },
    "distribution": {
      "overall": 0.24670184696569922,
      "huggingface": 0.18951612903225806,
      "openml": 0.465,
      "uci": 0.0
    }
  },
  "pearson_r": 0.9894935041266265,
  "pearson_p_value": 5.773159294846323e-101,
  "pearson_ci_lower": 0.984788241334552,
  "pearson_ci_upper": 0.993971105509207,
  "n_human_validated": 120,
  "mechanism_indicators": {
    "scoring_ran": true,
    "coverage_achievable": true,
    "weighting_effect": true,
    "human_correlation_positive": true
  },
  "coverage_threshold": 0.7,
  "pearson_threshold": 0.7,
  "auto_scores_for_viz": [
    0.03125,
    0.17500000000000002,
    0.03125,
    0.084375,
    0.17500000000000002,
    0.084375,
    0.03125,
    0.17500000000000002,
    0.0625,
    0.03125,
    0.03125,
    0.084375,
    0.371875,
    0.17500000000000002,
    0.17500000000000002,
    0.084375,
    0.146875,
    0.17500000000000002,
    0.20937499999999998,
    0.03125,
    0.17500000000000002,
    0.17500000000000002,
    0.03125,
    0.03125,
    0.03125,
    0.03125,
    0.084375,
    0.03125,
    0.084375,
    0.03125,
    0.084375,
    0.115625,
    0.31875,
    0.14375,
    0.35,
    0.35,
    0.03125,
    0.084375,
    0.03125,
    0.03125,
    0.246875,
    0.225,
    0.246875,
    0.225,
    0.2875,
    0.225,
    0.26875,
    0.309375,
    0.33125,
    0.26875,
    0.246875,
    0.246875,
    0.26875,
    0.309375,
    0.246875,
    0.246875,
    0.309375,
    0.33125,
    0.246875,
    0.2875,
    0.26875,
    0.26875,
    0.26875,
    0.309375,
    0.246875,
    0.309375,
    0.26875,
    0.246875,
    0.246875,
    0.225,
    0.309375,
    0.246875,
    0.309375,
    0.321875,
    0.309375,
    0.2875,
    0.2875,
    0.225,
    0.2875,
    0.246875,
    0.0,
    0.0,
    0.0,
    0.0,
    0.0,
    0.0,
    0.0,
    0.0,
    0.0,
    0.0,
    0.0,
    0.0,
    0.0,
    0.0,
    0.0,
    0.0,
    0.0,
    0.0,
    0.0,
    0.0,
    0.0,
    0.0,
    0.0,
    0.0,
    0.0,
    0.0,
    0.0,
    0.0,
    0.0,
    0.0,
    0.0,
    0.0,
    0.0,
    0.0,
    0.0,
    0.0,
    0.0,
    0.0,
    0.0,
    0.0
  ],
  "human_scores_for_viz": [
    0.047619047619047616,
    0.2857142857142857,
    0.047619047619047616,
    0.14285714285714285,
    0.2857142857142857,
    0.14285714285714285,
    0.047619047619047616,
    0.2857142857142857,
    0.09523809523809523,
    0.047619047619047616,
    0.047619047619047616,
    0.14285714285714285,
    0.42857142857142855,
    0.2857142857142857,
    0.2857142857142857,
    0.14285714285714285,
    0.23809523809523808,
    0.2857142857142857,
    0.23809523809523808,
    0.047619047619047616,
    0.2857142857142857,
    0.2857142857142857,
    0.047619047619047616,
    0.047619047619047616,
    0.047619047619047616,
    0.047619047619047616,
    0.14285714285714285,
    0.047619047619047616,
    0.14285714285714285,
    0.047619047619047616,
    0.14285714285714285,
    0.19047619047619047,
    0.3333333333333333,
    0.23809523809523808,
    0.38095238095238093,
    0.38095238095238093,
    0.047619047619047616,
    0.14285714285714285,
    0.047619047619047616,
    0.047619047619047616,
    0.3333333333333333,
    0.2857142857142857,
    0.3333333333333333,
    0.2857142857142857,
    0.38095238095238093,
    0.2857142857142857,
    0.38095238095238093,
    0.42857142857142855,
    0.47619047619047616,
    0.38095238095238093,
    0.3333333333333333,
    0.3333333333333333,
    0.38095238095238093,
    0.42857142857142855,
    0.3333333333333333,
    0.3333333333333333,
    0.42857142857142855,
    0.47619047619047616,
    0.3333333333333333,
    0.38095238095238093,
    0.38095238095238093,
    0.38095238095238093,
    0.38095238095238093,
    0.42857142857142855,
    0.3333333333333333,
    0.42857142857142855,
    0.38095238095238093,
    0.3333333333333333,
    0.3333333333333333,
    0.2857142857142857,
    0.42857142857142855,
    0.3333333333333333,
    0.42857142857142855,
    0.38095238095238093,
    0.42857142857142855,
    0.38095238095238093,
    0.38095238095238093,
    0.2857142857142857,
    0.38095238095238093,
    0.3333333333333333,
    0.0,
    0.0,
    0.0,
    0.0,
    0.0,
    0.0,
    0.0,
    0.0,
    0.0,
    0.0,
    0.0,
    0.0,
    0.0,
    0.0,
    0.0,
    0.0,
    0.0,
    0.0,
    0.0,
    0.0,
    0.0,
    0.0,
    0.0,
    0.0,
    0.0,
    0.0,
    0.0,
    0.0,
    0.0,
    0.0,
    0.0,
    0.0,
    0.0,
    0.0,
    0.0,
    0.0,
    0.0,
    0.0,
    0.0,
    0.0
  ],
  "mechanism_activated": true,
  "gate_result": {
    "gate_passed": true,
    "failure_code": null,
    "failure_message": null,
    "gate_type": "MUST_WORK",
    "criteria_met": {
      "coverage": true,
      "pearson_r": true
    }
  }
}