{
  "scoring_ran": true,
  "n_datasets": 760,
  "n_by_repo": {
    "huggingface": 498,
    "openml": 200,
    "uci": 62
  },
  "coverage_rate": 0.9184210526315789,
  "coverage_rate_huggingface": 1.0,
  "coverage_rate_openml": 1.0,
  "coverage_rate_uci": 0.0,
  "weighted_dts_mean": 0.1616200657894737,
  "weighted_dts_std": 0.12159939902216484,
  "unweighted_dts_mean": 0.22186716791979946,
  "unweighted_dts_std": 0.1492968483393739,
  "per_section_coverage": {
    "motivation": {
      "overall": 0.5325657894736842,
      "huggingface": 0.623995983935743,
      "openml": 0.47,
      "uci": 0.0
    },
    "composition": {
      "overall": 0.25921052631578945,
      "huggingface": 0.09437751004016064,
      "openml": 0.75,
      "uci": 0.0
    },
    "collection": {
      "overall": 0.16710526315789473,
      "huggingface": 0.12115127175368139,
      "openml": 0.33333333333333326,
      "uci": 0.0
    },
    "preprocessing": {
      "overall": 0.0021929824561403508,
      "huggingface": 0.0,
      "openml": 0.008333333333333333,
      "uci": 0.0
    },
    "uses": {
      "overall": 0.0,
      "huggingface": 0.0,
      "openml": 0.0,
      "uci": 0.0
    },
    "distribution": {
      "overall": 0.24605263157894736,
      "huggingface": 0.18875502008032127,
      "openml": 0.465,
      "uci": 0.0
    }
  },
  "pearson_r": 0.5768360796770213,
  "pearson_p_value": 5.376015823188703e-12,
  "pearson_ci_lower": 0.4597791617319093,
  "pearson_ci_upper": 0.6706718231487546,
  "n_human_validated": 120,
  "mechanism_indicators": {
    "scoring_ran": true,
    "coverage_achievable": true,
    "weighting_effect": true,
    "human_correlation_positive": true
  },
  "coverage_threshold": 0.7,
  "pearson_threshold": 0.7,
  "auto_scores_for_viz": [
    0.084375,
    0.146875,
    0.084375,
    0.14375,
    0.03125,
    0.03125,
    0.03125,
    0.084375,
    0.371875,
    0.26875,
    0.084375,
    0.084375,
    0.053125,
    0.17500000000000002,
    0.17500000000000002,
    0.084375,
    0.146875,
    0.03125,
    0.03125,
    0.03125,
    0.03125,
    0.084375,
    0.03125,
    0.03125,
    0.03125,
    0.03125,
    0.35,
    0.35,
    0.03125,
    0.03125,
    0.371875,
    0.115625,
    0.17500000000000002,
    0.115625,
    0.084375,
    0.146875,
    0.2625,
    0.053125,
    0.35,
    0.19687500000000002,
    0.246875,
    0.225,
    0.246875,
    0.225,
    0.2875,
    0.225,
    0.26875,
    0.309375,
    0.33125,
    0.26875,
    0.246875,
    0.246875,
    0.26875,
    0.309375,
    0.246875,
    0.246875,
    0.309375,
    0.33125,
    0.246875,
    0.2875,
    0.26875,
    0.26875,
    0.26875,
    0.309375,
    0.246875,
    0.309375,
    0.26875,
    0.246875,
    0.246875,
    0.225,
    0.309375,
    0.246875,
    0.309375,
    0.321875,
    0.309375,
    0.2875,
    0.2875,
    0.225,
    0.2875,
    0.246875,
    0.0,
    0.0,
    0.0,
    0.0,
    0.0,
    0.0,
    0.0,
    0.0,
    0.0,
    0.0,
    0.0,
    0.0,
    0.0,
    0.0,
    0.0,
    0.0,
    0.0,
    0.0,
    0.0,
    0.0,
    0.0,
    0.0,
    0.0,
    0.0,
    0.0,
    0.0,
    0.0,
    0.0,
    0.0,
    0.0,
    0.0,
    0.0,
    0.0,
    0.0,
    0.0,
    0.0,
    0.0,
    0.0,
    0.0,
    0.0
  ],
  "human_scores_for_viz": [
    0.128125,
    0.296875,
    0.39375,
    0.303125,
    0.33125,
    0.134375,
    0.265625,
    0.084375,
    0.371875,
    0.31875,
    0.128125,
    0.22499999999999998,
    0.18437499999999998,
    0.521875,
    0.3125,
    0.15937500000000002,
    0.03125,
    0.24375,
    0.4375,
    0.15,
    0.39375,
    0.284375,
    0.2875,
    0.15,
    0.1875,
    0.4875,
    0.39999999999999997,
    0.33125,
    0.33125,
    0.19374999999999998,
    0.49687499999999996,
    0.30937499999999996,
    0.34062499999999996,
    0.275,
    0.47187499999999993,
    0.28125,
    0.20937499999999998,
    0.15625,
    0.36874999999999997,
    0.33749999999999997,
    0.284375,
    0.28125,
    0.32812499999999994,
    0.3625,
    0.228125,
    0.25,
    0.565625,
    0.49374999999999997,
    0.31875,
    0.3,
    0.45,
    0.4125,
    0.25625,
    0.475,
    0.5812499999999999,
    0.19687500000000002,
    0.409375,
    0.446875,
    0.375,
    0.2,
    0.5,
    0.38125,
    0.6187499999999999,
    0.42187499999999994,
    0.39375,
    0.346875,
    0.3625,
    0.14375,
    0.384375,
    0.375,
    0.328125,
    0.45625,
    0.346875,
    0.5437500000000001,
    0.56875,
    0.228125,
    0.25937499999999997,
    0.54375,
    0.346875,
    0.3625,
    0.115625,
    0.059375,
    0.38749999999999996,
    0.021875,
    0.140625,
    0.2375,
    0.25625,
    0.078125,
    0.38749999999999996,
    0.165625,
    0.09687499999999999,
    0.13125,
    0.15625,
    0.275,
    0.175,
    0.028125,
    0.215625,
    0.075,
    0.25937499999999997,
    0.19062500000000002,
    0.26875,
    0.08124999999999999,
    0.115625,
    0.165625,
    0.21875,
    0.484375,
    0.21250000000000002,
    0.190625,
    0.18125,
    0.27812499999999996,
    0.21875,
    0.0875,
    0.20937499999999998,
    0.225,
    0.31875,
    0.33749999999999997,
    0.1375,
    0.028125,
    0.2,
    0.328125
  ],
  "mechanism_activated": true,
  "gate_result": {
    "gate_passed": false,
    "failure_code": "VALIDATION_BELOW_THRESHOLD",
    "failure_message": "Pearson r 0.577 < threshold 0.7",
    "gate_type": "MUST_WORK",
    "criteria_met": {
      "coverage": true,
      "pearson_r": false
    },
    "all_failures": [
      {
        "code": "VALIDATION_BELOW_THRESHOLD",
        "message": "Pearson r 0.577 < threshold 0.7"
      }
    ]
  }
}