{
  "gate": "FAIL",
  "rho_full": 0.16117137545077517,
  "p_value_full": 0.4035842138729909,
  "ci95": [
    -0.24869254145729455,
    0.5599043658172057
  ],
  "n": 30,
  "n_consistent_positive_families": 1,
  "conditions_met": 0,
  "baseline_rho_pc1_ece": 0.15639599555061176
}