{
  "hypothesis_id": "h-m4",
  "results_per_seed": {
    "1": {
      "1": {
        "erm_wga": 0.2087227414330218,
        "dfr_wga": 0.8115264797507789,
        "wga_improvement": 0.602803738317757,
        "feature_dim": 2048
      },
      "2": {
        "erm_wga": 0.3364485981308411,
        "dfr_wga": 0.82398753894081,
        "wga_improvement": 0.4875389408099689,
        "feature_dim": 2048
      },
      "10": {
        "erm_wga": 0.7299334811529934,
        "dfr_wga": 0.8535825545171339,
        "wga_improvement": 0.12364907336414055,
        "feature_dim": 2048
      },
      "20": {
        "erm_wga": 0.7149532710280374,
        "dfr_wga": 0.8644859813084113,
        "wga_improvement": 0.14953271028037385,
        "feature_dim": 2048
      },
      "30": {
        "erm_wga": 0.7258566978193146,
        "dfr_wga": 0.8644859813084113,
        "wga_improvement": 0.13862928348909664,
        "feature_dim": 2048
      }
    },
    "2": {
      "1": {
        "erm_wga": 0.19937694704049844,
        "dfr_wga": 0.8006230529595015,
        "wga_improvement": 0.6012461059190031,
        "feature_dim": 2048
      },
      "2": {
        "erm_wga": 0.3348909657320872,
        "dfr_wga": 0.8052959501557633,
        "wga_improvement": 0.47040498442367606,
        "feature_dim": 2048
      },
      "10": {
        "erm_wga": 0.7102803738317757,
        "dfr_wga": 0.8473520249221184,
        "wga_improvement": 0.1370716510903427,
        "feature_dim": 2048
      },
      "20": {
        "erm_wga": 0.7476635514018691,
        "dfr_wga": 0.8598130841121495,
        "wga_improvement": 0.11214953271028039,
        "feature_dim": 2048
      },
      "30": {
        "erm_wga": 0.719626168224299,
        "dfr_wga": 0.8769470404984424,
        "wga_improvement": 0.15732087227414338,
        "feature_dim": 2048
      }
    },
    "3": {
      "1": {
        "erm_wga": 0.24143302180685358,
        "dfr_wga": 0.8068535825545171,
        "wga_improvement": 0.5654205607476636,
        "feature_dim": 2048
      },
      "2": {
        "erm_wga": 0.3317757009345794,
        "dfr_wga": 0.822429906542056,
        "wga_improvement": 0.49065420560747663,
        "feature_dim": 2048
      },
      "10": {
        "erm_wga": 0.6822429906542056,
        "dfr_wga": 0.8520249221183801,
        "wga_improvement": 0.16978193146417453,
        "feature_dim": 2048
      },
      "20": {
        "erm_wga": 0.7289719626168224,
        "dfr_wga": 0.8629283489096573,
        "wga_improvement": 0.1339563862928349,
        "feature_dim": 2048
      },
      "30": {
        "erm_wga": 0.7445482866043613,
        "dfr_wga": 0.8722741433021807,
        "wga_improvement": 0.12772585669781933,
        "feature_dim": 2048
      }
    }
  },
  "aggregated": {
    "1": {
      "mean_erm_wga": 0.21651090342679127,
      "mean_dfr_wga": 0.8063343717549326,
      "mean_wga_improvement": 0.5898234683281411,
      "std_wga_improvement": 0.017267174608843076
    },
    "2": {
      "mean_erm_wga": 0.33437175493250254,
      "mean_dfr_wga": 0.8172377985462097,
      "mean_wga_improvement": 0.48286604361370716,
      "std_wga_improvement": 0.008902610695473634
    },
    "10": {
      "mean_erm_wga": 0.7074856152129915,
      "mean_dfr_wga": 0.8509865005192108,
      "mean_wga_improvement": 0.14350088530621927,
      "std_wga_improvement": 0.019374578508471973
    },
    "20": {
      "mean_erm_wga": 0.7305295950155762,
      "mean_dfr_wga": 0.8624091381100727,
      "mean_wga_improvement": 0.13187954309449637,
      "std_wga_improvement": 0.015332111173658777
    },
    "30": {
      "mean_erm_wga": 0.7300103842159916,
      "mean_dfr_wga": 0.8712357217030114,
      "mean_wga_improvement": 0.1412253374870198,
      "std_wga_improvement": 0.012220770816136905
    }
  },
  "correlation": {
    "pearson_r": -0.8144560569759782,
    "pearson_p_twotailed": 0.09322485241454422,
    "pearson_p_onetailed": 0.9533875737927279,
    "epochs_past_tstar": [
      -1.0,
      0.0,
      8.0,
      18.0,
      28.0
    ],
    "improvements": [
      0.5898234683281411,
      0.48286604361370716,
      0.14350088530621927,
      0.13187954309449637,
      0.1412253374870198
    ],
    "epochs": [
      1,
      2,
      10,
      20,
      30
    ]
  },
  "gate": {
    "gate_passed": false,
    "pearson_r": -0.8144560569759782,
    "threshold": 0.7,
    "decision": "LIMITATION",
    "note": "Pearson r=-0.8145 <= threshold=0.7; logged as limitation"
  },
  "figure_paths": [
    "./figures/gate_metrics.png",
    "./figures/wga_curves.png",
    "./figures/scatter_correlation.png",
    "./figures/monotonicity_check.png"
  ]
}