{
  "thresholds": {
    "confidence_variance": 0.28504731709088543,
    "state_collisions": 0.0,
    "exponential_growth": 0.0,
    "backtrack_freq": 0.0
  },
  "results": {
    "confidence_only": {
      "precision": 1.0,
      "recall": 0.4864864864864865,
      "f1": 0.6545454545454545,
      "pearson_r": 0.6113624194455768,
      "pearson_p": 1.4193302732846838e-11,
      "spearman_rho": 0.6113624194455767,
      "spearman_p": 1.4193302732846704e-11
    },
    "symbolic_only": {
      "precision": 1.0,
      "recall": 0.35135135135135137,
      "f1": 0.52,
      "pearson_r": 0.5044074153238999,
      "pearson_p": 8.760693765083389e-08,
      "spearman_rho": 0.5044074153238998,
      "spearman_p": 8.760693765083399e-08
    },
    "search_only": {
      "precision": 0.0,
      "recall": 0.0,
      "f1": 0.0,
      "pearson_r": NaN,
      "pearson_p": NaN,
      "spearman_rho": NaN,
      "spearman_p": NaN
    },
    "conf_symb": {
      "precision": 1.0,
      "recall": 0.6756756756756757,
      "f1": 0.8064516129032258,
      "pearson_r": 0.753370803500884,
      "pearson_p": 1.5309307960973179e-19,
      "spearman_rho": 0.7533708035008839,
      "spearman_p": 1.5309307960973142e-19
    },
    "conf_search": {
      "precision": 1.0,
      "recall": 0.4864864864864865,
      "f1": 0.6545454545454545,
      "pearson_r": 0.6113624194455768,
      "pearson_p": 1.4193302732846838e-11,
      "spearman_rho": 0.6113624194455767,
      "spearman_p": 1.4193302732846704e-11
    },
    "symb_search": {
      "precision": 1.0,
      "recall": 0.35135135135135137,
      "f1": 0.52,
      "pearson_r": 0.5044074153238999,
      "pearson_p": 8.760693765083389e-08,
      "spearman_rho": 0.5044074153238998,
      "spearman_p": 8.760693765083399e-08
    },
    "hybrid_all": {
      "precision": 1.0,
      "recall": 0.16216216216216217,
      "f1": 0.27906976744186046,
      "pearson_r": 0.3296712775422552,
      "pearson_p": 0.000809819503401145,
      "spearman_rho": 0.3296712775422553,
      "spearman_p": 0.0008098195034011451
    }
  },
  "gate_passed": false,
  "sample_size": 100,
  "timeout_count": 37,
  "success_count": 63
}