{
  "correlation_pearson": {
    "r": 0.8048212435711323,
    "p_value": 6.218114922103686e-24
  },
  "correlation_spearman": {
    "rho": 0.7953840898947078,
    "p_value": 4.919228361374077e-23
  },
  "auc": 0.9755469755469754,
  "gate_result": "PASS",
  "sample_size": 100,
  "summary_statistics": {
    "success": {
      "count": 63,
      "mean": 0.1991571585962258,
      "std": 0.09399978266286567
    },
    "timeout": {
      "count": 37,
      "mean": 0.5017146786526028,
      "std": 0.12774378553251037
    }
  }
}