{
  "m1": {
    "ami_score": 0.2794671510679706,
    "silhouette_score": 0.2966901957988739,
    "ami_threshold": 0.4,
    "silhouette_threshold": 0.3,
    "ami_pass": false,
    "silhouette_pass": false,
    "gate_pass": false
  },
  "m2": {
    "correlation": -1.0,
    "pvalue": 1.0,
    "pvalue_threshold": 0.05,
    "high_ami_mean_delta_wga": 0.0,
    "low_ami_mean_delta_wga": -5.140186915887851,
    "delta_wga_threshold": 2.0,
    "correlation_pass": false,
    "stratified_pass": false,
    "gate_pass": false
  },
  "m3": {
    "ami_simclr": 0.2794671510679706,
    "ami_lassl": 0.2851791274463522,
    "ami_reduction": -0.020438811347070887,
    "reduction_threshold": 0.3,
    "auc_simclr": 0.9801702603539931,
    "auc_lassl": 0.9855533645499519,
    "auc_delta": 0.005383104195958777,
    "auc_threshold": 0.05,
    "reduction_pass": false,
    "auc_pass": true,
    "gate_pass": false
  },
  "overall_gate_pass": false,
  "ami_evolution": {
    "epochs": [
      10,
      20
    ],
    "ami_values": [
      0.2786375597386977,
      0.2794671510679706
    ],
    "delta_wga_values": [
      -4.984423676012461,
      -5.29595015576324
    ]
  }
}