{
  "hypothesis_id": "h-m2",
  "gate_type": "SHOULD_WORK",
  "gate_result": "PASS",
  "execution_path": "Path A",
  "smoke_test": false,
  "n_models": 12,
  "n_items": 14042,
  "delta_results": {
    "sft_1.4b": {
      "delta_mean": 0.13340875114611522,
      "ci_lower": 0.1288668644596345,
      "ci_upper": 0.13827814043221898
    },
    "sft_2.8b": {
      "delta_mean": 0.011045998444398946,
      "ci_lower": 0.008669790537706078,
      "ci_upper": 0.013060854928239832
    },
    "sft_6.9b": {
      "delta_mean": 0.026653403350217205,
      "ci_lower": 0.02489494146605941,
      "ci_upper": 0.028309973643522557
    },
    "dpo_1.4b": {
      "delta_mean": 0.4907535867564717,
      "ci_lower": 0.48396580843755005,
      "ci_upper": 0.49880747162808453
    },
    "dpo_2.8b": {
      "delta_mean": 0.20773108965514173,
      "ci_lower": 0.20238800809485605,
      "ci_upper": 0.21341907809286983
    },
    "dpo_6.9b": {
      "delta_mean": 0.07208251083802165,
      "ci_lower": 0.0698966824589012,
      "ci_upper": 0.07425095971502346
    },
    "ppo_1.4b": {
      "delta_mean": 0.3937174595076378,
      "ci_lower": 0.38927399233660626,
      "ci_upper": 0.3980239492181937
    },
    "ppo_2.8b": {
      "delta_mean": 0.2525752298072301,
      "ci_lower": 0.2467054924790361,
      "ci_upper": 0.25783902521300495
    },
    "ppo_6.9b": {
      "delta_mean": -0.03635125594199544,
      "ci_lower": -0.039362072995578,
      "ci_upper": -0.0334041541669634
    }
  },
  "ordering_stats": {
    "ppo_ge_dpo_stat": 1.0,
    "ppo_ge_dpo_p": 0.875,
    "dpo_gt_sft_stat": 6.0,
    "dpo_gt_sft_p": 0.125
  },
  "mechanism_indicators": {
    "logprob_matrix_shape_ok": true,
    "margins_positive": true,
    "delta_computed": true,
    "delta_positive_ppo_count": 2,
    "ci_lower_positive_ppo_count": 2
  },
  "gate_result_details": {
    "failed_checks": [
      "ppo_6.9b: delta_mean=-0.0364 or ci_lower=-0.0394 not > 0"
    ],
    "exploration_notes": {}
  },
  "figure_paths": [
    "/home/anonymous/YouRA_results_new_4/TEST_buildingtrust/docs/youra_research/20260315_buildingtrust/h-m2/figures/figure_01_delta_margin_gate.png",
    "/home/anonymous/YouRA_results_new_4/TEST_buildingtrust/docs/youra_research/20260315_buildingtrust/h-m2/figures/figure_02_margin_violin.png",
    "/home/anonymous/YouRA_results_new_4/TEST_buildingtrust/docs/youra_research/20260315_buildingtrust/h-m2/figures/figure_03_delta_margin_vs_delta_ece.png",
    "/home/anonymous/YouRA_results_new_4/TEST_buildingtrust/docs/youra_research/20260315_buildingtrust/h-m2/figures/figure_04_gradient_ordering_heatmap.png",
    "/home/anonymous/YouRA_results_new_4/TEST_buildingtrust/docs/youra_research/20260315_buildingtrust/h-m2/figures/figure_05_margin_cdf.png"
  ],
  "validation_report": "/home/anonymous/YouRA_results_new_4/TEST_buildingtrust/docs/youra_research/20260315_buildingtrust/h-m2/04_validation.md",
  "started_at": "2026-03-15T02:46:56.033793+00:00",
  "completed_at": "2026-03-15T02:47:00.524644+00:00",
  "duration_seconds": 4.490851
}