{
  "GNN": {
    "symmetry_mean_similarity": 0.9999927282333374,
    "symmetry_std_similarity": 1.1185536095581483e-05,
    "symmetry_mean_distance": 0.0025242874398827553,
    "symmetry_std_distance": 0.0028382386080920696,
    "symmetry_min_similarity": 0.9999592304229736,
    "symmetry_max_similarity": 1.0000001192092896,
    "provenance_top_1_accuracy": 0.225,
    "provenance_top_5_accuracy": 0.55,
    "provenance_top_10_accuracy": 0.575,
    "backdoor_auroc": 0.984,
    "backdoor_tpr_at_1_fpr": 0.9,
    "backdoor_mean_clean_distance": 0.002832807367667556,
    "backdoor_mean_backdoor_distance": 0.013490760698914528,
    "backdoor_std_clean_distance": 0.001546901068650186,
    "backdoor_std_backdoor_distance": 0.003483195323497057,
    "discriminative_mean_inter_model_similarity": 0.9999982118606567,
    "discriminative_std_inter_model_similarity": 1.069296104105888e-06,
    "discriminative_max_inter_model_similarity": 0.9999999403953552,
    "discriminative_mean_inter_model_distance": 0.0018473519012331963,
    "discriminative_std_inter_model_distance": 0.0005279298638924956,
    "discriminative_min_inter_model_distance": 0.0006677316268905997
  },
  "Statistics": {
    "symmetry_mean_similarity": 0.9984899759292603,
    "symmetry_std_similarity": 0.0036998125724494457,
    "symmetry_mean_distance": 0.10619759559631348,
    "symmetry_std_distance": 0.1451074182987213,
    "symmetry_min_similarity": 0.9778832793235779,
    "symmetry_max_similarity": 1.0000001192092896,
    "provenance_top_1_accuracy": 0.2125,
    "provenance_top_5_accuracy": 1.0,
    "provenance_top_10_accuracy": 1.0,
    "backdoor_auroc": 1.0,
    "backdoor_tpr_at_1_fpr": 1.0,
    "backdoor_mean_clean_distance": 0.8069393634796143,
    "backdoor_mean_backdoor_distance": 25.060832977294922,
    "backdoor_std_clean_distance": 0.4813937544822693,
    "backdoor_std_backdoor_distance": 12.164338111877441,
    "discriminative_mean_inter_model_similarity": 0.8999885320663452,
    "discriminative_std_inter_model_similarity": 0.11545806378126144,
    "discriminative_max_inter_model_similarity": 0.9965654015541077,
    "discriminative_mean_inter_model_distance": 1.183052659034729,
    "discriminative_std_inter_model_distance": 0.6902045607566833,
    "discriminative_min_inter_model_distance": 0.24177448451519012
  },
  "PCA": {
    "symmetry_mean_similarity": 0.5051870942115784,
    "symmetry_std_similarity": 0.483592689037323,
    "symmetry_mean_distance": 0.20895275473594666,
    "symmetry_std_distance": 0.15075650811195374,
    "symmetry_min_similarity": -0.1725011020898819,
    "symmetry_max_similarity": 1.0,
    "provenance_top_1_accuracy": 0.1875,
    "provenance_top_5_accuracy": 0.5125,
    "provenance_top_10_accuracy": 0.55,
    "backdoor_auroc": 0.349,
    "backdoor_tpr_at_1_fpr": 0.0,
    "backdoor_mean_clean_distance": 0.252256840467453,
    "backdoor_mean_backdoor_distance": 0.22654278576374054,
    "backdoor_std_clean_distance": 0.06726185977458954,
    "backdoor_std_backdoor_distance": 0.010912786237895489,
    "discriminative_mean_inter_model_similarity": -0.006413501687347889,
    "discriminative_std_inter_model_similarity": 0.09291166812181473,
    "discriminative_max_inter_model_similarity": 0.2549887001514435,
    "discriminative_mean_inter_model_distance": 0.3297298550605774,
    "discriminative_std_inter_model_distance": 0.018995245918631554,
    "discriminative_min_inter_model_distance": 0.27697575092315674
  },
  "NeuronEmbedding": {
    "symmetry_mean_similarity": 0.9988880157470703,
    "symmetry_std_similarity": 0.001667679171077907,
    "symmetry_mean_distance": 0.054185640066862106,
    "symmetry_std_distance": 0.05116364732384682,
    "symmetry_min_similarity": 0.9915616512298584,
    "symmetry_max_similarity": 1.0000001192092896,
    "provenance_top_1_accuracy": 0.2375,
    "provenance_top_5_accuracy": 0.5875,
    "provenance_top_10_accuracy": 0.7125,
    "backdoor_auroc": 1.0,
    "backdoor_tpr_at_1_fpr": 1.0,
    "backdoor_mean_clean_distance": 0.07954137027263641,
    "backdoor_mean_backdoor_distance": 1.1302639245986938,
    "backdoor_std_clean_distance": 0.03782714903354645,
    "backdoor_std_backdoor_distance": 0.3025542199611664,
    "discriminative_mean_inter_model_similarity": 0.9986301064491272,
    "discriminative_std_inter_model_similarity": 0.0008425676496699452,
    "discriminative_max_inter_model_similarity": 0.9998031854629517,
    "discriminative_mean_inter_model_distance": 0.08650459349155426,
    "discriminative_std_inter_model_distance": 0.025924596935510635,
    "discriminative_min_inter_model_distance": 0.03070943057537079
  }
}