{
  "train_loss": [
    0.5018940766652426,
    0.47109749913215637,
    0.5111877123514811,
    0.4901735484600067,
    0.4691800077756246,
    0.5327572425206503,
    0.5048842330773672,
    0.47845866282780963,
    0.5072285135587057,
    0.49795158704121906
  ],
  "val_loss": [
    0.0,
    0.0
  ]
}