{
  "small": {
    "trivia_qa": {
      "token_prob": {
        "auroc": 0.6834620016782115,
        "ci_low": 0.6361037687680912,
        "ci_high": 0.7331684312696019,
        "n_valid": 500
      },
      "semantic_entropy": {
        "auroc": 0.4734614871914942,
        "ci_low": 0.4408860160245789,
        "ci_high": 0.5036145481795401,
        "n_valid": 500
      },
      "kle": {
        "auroc": 0.26418771814666864,
        "ci_low": 0.21581682988807122,
        "ci_high": 0.3106704319499625,
        "n_valid": 500
      },
      "selfcheck_bertscore": {
        "auroc": 0.5,
        "ci_low": 0.5,
        "ci_high": 0.5,
        "n_valid": 500
      },
      "selfcheck_nli": {
        "auroc": 0.6862358135672132,
        "ci_low": 0.636228417277525,
        "ci_high": 0.7340143478115176,
        "n_valid": 500
      },
      "seps": {
        "auroc": null,
        "ci_low": null,
        "ci_high": null,
        "n_valid": 0
      }
    },
    "natural_questions": {
      "token_prob": {
        "auroc": 0.6550739751133663,
        "ci_low": 0.5959947182801648,
        "ci_high": 0.7062730620035405,
        "n_valid": 500
      },
      "semantic_entropy": {
        "auroc": 0.5523699129108376,
        "ci_low": 0.5120805097540692,
        "ci_high": 0.5977130584477097,
        "n_valid": 500
      },
      "kle": {
        "auroc": 0.3753154948450831,
        "ci_low": 0.3078295026841447,
        "ci_high": 0.4372462267670373,
        "n_valid": 500
      },
      "selfcheck_bertscore": {
        "auroc": 0.5,
        "ci_low": 0.5,
        "ci_high": 0.5,
        "n_valid": 500
      },
      "selfcheck_nli": {
        "auroc": 0.45082836826264683,
        "ci_low": 0.3942905201538154,
        "ci_high": 0.508430167442257,
        "n_valid": 500
      },
      "seps": {
        "auroc": null,
        "ci_low": null,
        "ci_high": null,
        "n_valid": 0
      }
    }
  }
}