{
  "hypothesis": "H-E1",
  "gate_pass": true,
  "primary_metrics": {
    "cv_primary": 0.5438199724997695,
    "tau_calibration": 0.7862903225806454,
    "tau_length": 0.899193548387097,
    "cv_primary_pass": true,
    "tau_calibration_pass": true
  },
  "all_metrics": {
    "cv_alpaca_long_eps0.001": 0.5493326588633488,
    "tau_calibration_eps0.001": 0.7903225806451614,
    "tau_calibration_pval_eps0.001": 1.3313680259795902e-13,
    "tau_length_eps0.001": 0.8830645161290324,
    "tau_length_pval_eps0.001": 5.409913896298469e-19,
    "cv_alpaca_long_eps0.01": 0.5438199724997695,
    "tau_calibration_eps0.01": 0.7862903225806454,
    "tau_calibration_pval_eps0.01": 2.033384114203408e-13,
    "tau_length_eps0.01": 0.899193548387097,
    "tau_length_pval_eps0.01": 2.927799831965445e-20,
    "cv_alpaca_long_eps0.05": 0.5284078464546483,
    "tau_calibration_eps0.05": 0.7782258064516131,
    "tau_calibration_pval_eps0.05": 4.642919189957874e-13,
    "tau_length_eps0.05": 0.8750000000000001,
    "tau_length_pval_eps0.05": 2.0804364462731077e-18,
    "cv_alpaca_long_eps0.1": 0.4836993459276794,
    "tau_calibration_eps0.1": 0.7822580645161291,
    "tau_calibration_pval_eps0.1": 3.0833313529049467e-13,
    "tau_length_eps0.1": 0.8790322580645162,
    "tau_length_pval_eps0.1": 1.069972201785822e-18,
    "cv_primary": 0.5438199724997695,
    "tau_calibration": 0.7862903225806454,
    "tau_calibration_pval": 2.033384114203408e-13,
    "tau_length": 0.899193548387097,
    "tau_length_pval": 2.927799831965445e-20
  },
  "layer_sparsity_conditions": {
    "alpaca_eps0.001_len128": [
      0.00748003096668981,
      0.0067916621919721365,
      0.005033754016039893,
      0.003695427469210699,
      0.0026244756481901277,
      0.0022586106133530848,
      0.002146140901459148,
      0.002209477246651659,
      0.0021895916252105962,
      0.002024448443989968,
      0.0021162417251616716,
      0.002112020429194672,
      0.002181166080845287,
      0.0018999439089384396,
      0.0017025620509230066,
      0.0014796566356380936,
      0.0015771208782098256,
      0.0014651354595116572,
      0.001592760707353591,
      0.0016581086892983876,
      0.001626234048671904,
      0.0015337393306253944,
      0.0015226645755319623,
      0.0016148974536918104,
      0.0016328533456544392,
      0.0015858848873904208,
      0.0014989855699241161,
      0.0013838453614880564,
      0.001319065751886228,
      0.0013314997104316717,
      0.0012253108216100372,
      0.0012943138517584885
    ],
    "alpaca_eps0.001_len512": [
      0.005601155957265291,
      0.006626399481319822,
      0.005367644924263004,
      0.003685941810545046,
      0.0024651678359077778,
      0.002248354077892145,
      0.0021265623545332346,
      0.0022257003402046394,
      0.002360550523007987,
      0.002089099791191984,
      0.002225891916168621,
      0.002369757305132225,
      0.002335612352908356,
      0.0021242085385893006,
      0.001777182280420675,
      0.001600190265889978,
      0.001776700657501351,
      0.0015338643934228458,
      0.001745811077853432,
      0.0018506883807276608,
      0.001772395551597583,
      0.001697360483376542,
      0.0017368698572681751,
      0.0018198014586232603,
      0.0017594560158613604,
      0.0016703627661627252,
      0.001561292381666135,
      0.0014733366824657423,
      0.001357690101940534,
      0.001417775569279911,
      0.0014111006530583836,
      0.001124074467952596
    ],
    "wikitext_eps0.001_len512": [
      0.008269617494079284,
      0.006662969622993842,
      0.004947177738358732,
      0.0034673918162297923,
      0.0023724230159132276,
      0.002014521091041388,
      0.001827024003432598,
      0.0018855712023650995,
      0.0018543612568464596,
      0.0017883781147247646,
      0.0018155562356696464,
      0.0018237859276268864,
      0.001876568239822518,
      0.0016902137867873535,
      0.0015845477664697682,
      0.0013330904075701255,
      0.0013774514318356523,
      0.0012669853895204142,
      0.0013700862691621296,
      0.0013955121758044697,
      0.0014019289883435704,
      0.0013086213675705949,
      0.0013404539713519625,
      0.0014069820645090658,
      0.001443568946342566,
      0.0014420703173527727,
      0.0014012842439115047,
      0.0013370519827731187,
      0.0012855956047133077,
      0.001311097346842871,
      0.0012232653789396863,
      0.0013559887047449593
    ],
    "alpaca_eps0.01_len128": [
      0.07446893642190844,
      0.06733653414994478,
      0.05044050299329683,
      0.03709396562771872,
      0.026033230155007914,
      0.022732072713552043,
      0.02148727106396109,
      0.02207825644291006,
      0.0217211673152633,
      0.02032503261580132,
      0.0210112608037889,
      0.0209585044067353,
      0.021696984680602327,
      0.01877006227732636,
      0.01692441728664562,
      0.014756257645785809,
      0.015860608327784576,
      0.01466499017260503,
      0.015882781182881445,
      0.016488403853145428,
      0.01629582222085446,
      0.015323849336709827,
      0.015467527467990294,
      0.016187364250072278,
      0.016123271081596613,
      0.015720271330792457,
      0.014756222502910532,
      0.013870854003471322,
      0.013150951243005693,
      0.013297415818669833,
      0.012258142785867676,
      0.012864555188571103
    ],
    "alpaca_eps0.01_len512": [
      0.05488764669280499,
      0.06559338560327888,
      0.053335399366915226,
      0.03732085117371753,
      0.02449330227682367,
      0.022404988209018484,
      0.021379255776992068,
      0.0221318258845713,
      0.02352791471639648,
      0.020803463470656425,
      0.022116884269053116,
      0.02365072860266082,
      0.023319177649682388,
      0.021195680979872122,
      0.01775341635220684,
      0.015992774337064475,
      0.01777211992884986,
      0.015291681920643896,
      0.01740545456414111,
      0.0184711936453823,
      0.01772693349630572,
      0.01698039215989411,
      0.01743867911864072,
      0.01820557948667556,
      0.01753044026554562,
      0.016662572976201773,
      0.015544594934908673,
      0.01475470392324496,
      0.013567334433901124,
      0.014173482792102732,
      0.014087452567764558,
      0.011221764856600203
    ],
    "wikitext_eps0.01_len512": [
      0.0824648984707892,
      0.0665515698492527,
      0.04941576498094946,
      0.03467477043159306,
      0.023720151220913976,
      0.0201375444594305,
      0.01826847455231473,
      0.018852538021747023,
      0.018531321140471846,
      0.017898266931297258,
      0.018177848891355097,
      0.018244874256197363,
      0.018763686675811186,
      0.01691828720504418,
      0.015838939274544828,
      0.013315405769390054,
      0.013780745124677196,
      0.012664023321121931,
      0.013700743438676,
      0.013945718033937737,
      0.0140133418753976,
      0.013090916836517863,
      0.013399127608863637,
      0.014059461231227033,
      0.014440817933063954,
      0.014427270099986345,
      0.014011668448802084,
      0.013365775346755981,
      0.012843612566939555,
      0.013098525436362252,
      0.012231025888468139,
      0.013561260828282684
    ],