{
  "training_losses": {},
  "Full Cache": {
    "method": "Full Cache",
    "perplexity_mean": 206585.75625,
    "perplexity_std": 30932.578828449077,
    "compression_ratio_mean": 1.0,
    "compression_ratio_std": 0.0,
    "memory_reduction_pct": 0.0,
    "latency_mean_ms": 18.90190136101511,
    "latency_std_ms": 0.038000027059281676,
    "exact_match": 0.8333333333333334,
    "num_samples": 15
  },
  "StreamingLLM": {
    "method": "StreamingLLM",
    "perplexity_mean": 206585.75625,
    "perplexity_std": 30932.578828449077,
    "compression_ratio_mean": 3.9384615384615387,
    "compression_ratio_std": 0.0,
    "memory_reduction_pct": 74.609375,
    "latency_mean_ms": 18.90432596620586,
    "latency_std_ms": 0.021615419919586674,
    "exact_match": 0.8333333333333334,
    "num_samples": 15
  },
  "H2O": {
    "method": "H2O",
    "perplexity_mean": NaN,
    "perplexity_std": NaN,
    "compression_ratio_mean": 1.0,
    "compression_ratio_std": 0.0,
    "memory_reduction_pct": 0.0,
    "latency_mean_ms": NaN,
    "latency_std_ms": NaN,
    "exact_match": NaN,
    "num_samples": 0
  },
  "4-bit Quantization": {
    "method": "4-bit Quantization",
    "perplexity_mean": 206585.75625,
    "perplexity_std": 30932.578828449077,
    "compression_ratio_mean": 4.0,
    "compression_ratio_std": 0.0,
    "memory_reduction_pct": 75.0,
    "latency_mean_ms": 18.899433666633236,
    "latency_std_ms": 0.03931975578046477,
    "exact_match": 0.8333333333333334,
    "num_samples": 15
  },
  "8-bit Quantization": {
    "method": "8-bit Quantization",
    "perplexity_mean": 206585.75625,
    "perplexity_std": 30932.578828449077,
    "compression_ratio_mean": 2.0,
    "compression_ratio_std": 0.0,
    "memory_reduction_pct": 50.0,
    "latency_mean_ms": 18.894070490366882,
    "latency_std_ms": 0.03100365813810261,
    "exact_match": 0.8333333333333334,
    "num_samples": 15
  },
  "QARP-2.0x": {
    "method": "QARP-2.0x",
    "perplexity_mean": 206585.75625,
    "perplexity_std": 30932.578828449077,
    "compression_ratio_mean": 2.480338963860842,
    "compression_ratio_std": 0.03600922703078383,
    "memory_reduction_pct": 59.67447916666667,
    "latency_mean_ms": 18.886507550875347,
    "latency_std_ms": 0.02709841147941616,
    "exact_match": 0.8333333333333334,
    "num_samples": 15
  },
  "QARP-4.0x": {
    "method": "QARP-4.0x",
    "perplexity_mean": 206585.75625,
    "perplexity_std": 30932.578828449077,
    "compression_ratio_mean": 4.4716157205240155,
    "compression_ratio_std": 1.7763568394002505e-15,
    "memory_reduction_pct": 77.63671875,
    "latency_mean_ms": 18.91121419353618,
    "latency_std_ms": 0.028744266197905037,
    "exact_match": 0.8333333333333334,
    "num_samples": 15
  },
  "QARP-8.0x": {
    "method": "QARP-8.0x",
    "perplexity_mean": 206585.75625,
    "perplexity_std": 30932.578828449077,
    "compression_ratio_mean": 8.982456140350877,
    "compression_ratio_std": 0.0,
    "memory_reduction_pct": 88.8671875,
    "latency_mean_ms": 18.911061104800964,
    "latency_std_ms": 0.02196557065729569,
    "exact_match": 0.8333333333333334,
    "num_samples": 15
  },
  "ablation_results": {
    "4 prototypes": {
      "method": "4_prototypes",
      "perplexity_mean": 217257.428125,
      "perplexity_std": 30141.928268795946,
      "compression_ratio_mean": 4.471615720524016,
      "compression_ratio_std": 8.881784197001252e-16,
      "memory_reduction_pct": 77.63671875,
      "latency_mean_ms": 18.912788201123476,
      "latency_std_ms": 0.028245697541870805,
      "exact_match": 0.85,
      "num_samples": 10
    },
    "8 prototypes": {
      "method": "8_prototypes",
      "perplexity_mean": 217257.428125,
      "perplexity_std": 30141.928268795946,
      "compression_ratio_mean": 4.471615720524016,
      "compression_ratio_std": 8.881784197001252e-16,
      "memory_reduction_pct": 77.63671875,
      "latency_mean_ms": 18.916088373710714,
      "latency_std_ms": 0.0191636310232333,
      "exact_match": 0.85,
      "num_samples": 10
    },
    "16 prototypes": {
      "method": "16_prototypes",
      "perplexity_mean": 217257.428125,
      "perplexity_std": 30141.928268795946,
      "compression_ratio_mean": 4.471615720524016,
      "compression_ratio_std": 8.881784197001252e-16,
      "memory_reduction_pct": 77.63671875,
      "latency_mean_ms": 18.91796781371037,
      "latency_std_ms": 0.016256222589191193,
      "exact_match": 0.85,
      "num_samples": 10
    },
    "32 prototypes": {
      "method": "32_prototypes",
      "perplexity_mean": 217257.428125,
      "perplexity_std": 30141.928268795946,
      "compression_ratio_mean": 4.471615720524016,
      "compression_ratio_std": 8.881784197001252e-16,
      "memory_reduction_pct": 77.63671875,
      "latency_mean_ms": 18.914884266753994,
      "latency_std_ms": 0.02530189052625172,
      "exact_match": 0.85,
      "num_samples": 10
    }
  }
}