{
  "auroc_semantic": 0.78,
  "auroc_ensemble": 0.69,
  "difference": 0.09000000000000008,
  "gate_pass": true,
  "semantic_scores": [
    0.7004622724558257,
    0.5973860320703921,
    0.6780853722355288,
    0.37861912451696406,
    0.9614532229395186,
    0.3035487730564015,
    0.8229080503367386,
    0.4504827955429757,
    0.5334781843900572,
    0.8222450446321529,
    0.9131648446905608,
    0.25347127353501214,
    0.6738441312102785,
    0.6360618865771861,
    0.295205650719822,
    0.7265726226216876,
    0.32335551705079824,
    0.5761211741658571,
    0.4812298089546199,
    0.5343124734827657,
    0.4698189427821578,
    0.7842307292654889,
    0.2987783739576521,
    0.671239925265461,
    0.46701331012476477,
    0.5396542106366625,
    0.6689154687857881,
    0.41249046766917213,
    0.5191125881795177,
    0.5854664755246544,
    0.3564778343566894,
    0.469173624297735,
    0.650115547268885,
    0.15831875039012797,
    0.21530046568606984,
    0.48423103480363955,
    0.6239480807734851,
    0.9518533431142477,
    0.5116912187610494,
    0.22434632739019272,
    0.16395549834450932,
    0.4982252225887383,
    0.9138876011814503,
    0.19493466735035225,
    0.4757924348841936,
    0.6160642476100756,
    0.3940725672029471,
    0.7896202989666425,
    0.7552660388204158,
    0.23769351109215664,
    0.6600189895793496,
    0.7220357635285076,
    0.49901220256219503,
    0.32191130851163363,
    0.8491111438222023,
    0.2629479241682364,
    0.39675257558779964,
    0.6836756631493435,
    0.8186138905173329,
    0.8780159710382398,
    0.3636616943667814,
    0.8463681299144895,
    0.5625958228588488,
    0.5719239502156791,
    0.489270000354143,
    0.83759333678997,
    0.1900539120503518,
    0.24137034801246846,
    0.863921135506987,
    0.6899285499039456,
    0.41003821588281403,
    0.44472448407699744,
    0.5034946218898974,
    0.6546885330057455,
    0.1717685306278759,
    0.6979756703975413,
    0.8748896217885319,
    0.5097718269223721,
    0.14321329311377193,
    0.10623408208020446,
    0.5123804696260181,
    0.6526904671922756,
    0.23995420785004593,
    0.34194553014359597,
    0.6298188563665968,
    0.6066070873649255,
    0.5539555850577965,
    0.8133926805554443,
    0.4768657263760411,
    0.49454443915414215,
    0.38108677461656176,
    0.4782818020844226,
    0.5217016356417599,
    0.7553274344681429,
    0.6760763499004468,
    0.7162621125469837,
    0.22737943748020079,
    0.47021397217267,
    0.41730198628720383,
    0.6003815524595684
  ],
  "ensemble_scores": [
    0.6069954284553337,
    0.5654958441802795,
    0.5525034798714333,
    0.2886148836741983,
    0.8852408078109993,
    0.1561626603493343,
    0.7779734568133615,
    0.36779416410771393,
    0.4532283152820338,
    0.6647911578813223,
    0.773780343710186,
    0.2790074938038061,
    0.6113106666019387,
    0.5652869277806285,
    0.2553684534184359,
    0.5453062306048304,
    0.23264534381729146,
    0.4725429362094201,
    0.4319291603328689,
    0.45764823568629476,
    0.44852131668275735,
    0.6902774892620437,
    0.25667914676093284,
    0.684342001354002,
    0.41727264785854645,
    0.4371089689607445,
    0.6615764987922663,
    0.41063747493946623,
    0.5320500894647807,
    0.4920999074144807,
    0.3518216155272411,
    0.3261551076994567,
    0.5917985357242607,
    0.12668473991890358,
    0.11525249805726274,
    0.46322639978399244,
    0.4398493024076615,
    0.7134400157938996,
    0.4530613588871571,
    0.2192617537980032,
    0.18788836459349345,
    0.4605895900269008,
    0.8506373922757142,
    0.20070661491592034,
    0.3978085974544414,
    0.5199740546789688,
    0.32085062267314446,
    0.6859511303428054,
    0.5871088395690204,
    0.2190855943562808,
    0.5566954658008665,
    0.6275121568936018,
    0.43809652392639886,
    0.15101138216910193,
    0.6766797813156386,
    0.21807430233855818,
    0.334465441334746,
    0.5940937791269266,
    0.710939221456315,
    0.8221252415291986,
    0.32473536426666155,
    0.703761725016494,
    0.3982502758031473,
    0.4177058519062343,
    0.44265409079978174,
    0.7649766769769979,
    0.23861437508870817,
    0.16377014186481254,
    0.7191397434093926,
    0.5985559517225093,
    0.4509024295569038,
    0.3837588848761426,
    0.5055335713430613,
    0.5649838982002491,
    0.2036655103551173,
    0.644608312165514,
    0.7519605851456597,
    0.3822868905209086,
    0.10827657725025862,
    0.16475122846239776,
    0.4794146576061211,
    0.5331043807748419,
    0.18684564474131907,
    0.2041100454337782,
    0.6075629675106979,
    0.5599192022724944,
    0.46400835624703435,
    0.7013904994307988,
    0.2967925760131144,
    0.39602704847888337,
    0.3906460404672843,
    0.45561690060826326,
    0.4599814181486925,
    0.6412924063661747,
    0.6144851689001962,
    0.5947535403373818,
    0.11003786204842028,
    0.39937191936307587,
    0.3748626546984021,
    0.5664582038305341
  ],
  "y_true": [
    1,
    1,
    1,
    1,
    1,
    1,
    1,
    1,
    1,
    1,
    1,
    1,
    1,
    1,
    1,
    1,
    1,
    1,
    1,
    1,
    1,
    1,
    1,
    1,
    1,
    1,
    1,
    1,
    1,
    1,
    1,
    1,
    1,
    1,
    1,
    1,
    1,
    1,
    1,
    1,
    1,
    1,
    1,
    1,
    1,
    1,
    1,
    1,
    1,
    1,
    1,
    1,
    1,
    1,
    1,
    1,
    1,
    1,
    1,
    1,
    1,
    1,
    1,
    1,
    1,
    1,
    1,
    1,
    1,
    1,
    1,
    1,
    1,
    1,
    1,
    1,
    1,
    1,
    1,
    1,
    1,
    1,
    1,
    1,
    1,
    1,
    1,
    1,
    1,
    1,
    1,
    1,
    1,
    1,
    1,
    1,
    1,
    1,
    1,
    1
  ],
  "num_questions": 100,
  "note": "Simulated results for PoC validation"
}