{
  "spearman_results": {
    "1.4b-sft": {
      "mean_rho": 0.7532918389405048,
      "h1_pass": false,
      "h2_flag": true
    },
    "1.4b-dpo": {
      "mean_rho": 0.7369108579474619,
      "h1_pass": false,
      "h2_flag": true
    },
    "1.4b-ppo": {
      "mean_rho": -0.32410090578806094,
      "h1_pass": false,
      "h2_flag": true
    },
    "2.8b-sft": {
      "mean_rho": 0.7185376518077453,
      "h1_pass": false,
      "h2_flag": true
    },
    "2.8b-dpo": {
      "mean_rho": 0.5896155899747336,
      "h1_pass": false,
      "h2_flag": true
    },
    "2.8b-ppo": {
      "mean_rho": 0.17458979603360267,
      "h1_pass": false,
      "h2_flag": true
    },
    "6.9b-sft": {
      "mean_rho": 0.8389539818520388,
      "h1_pass": false,
      "h2_flag": true
    },
    "6.9b-dpo": {
      "mean_rho": 0.8748088249782288,
      "h1_pass": false,
      "h2_flag": false
    },
    "6.9b-ppo": {
      "mean_rho": 0.5045373926848321,
      "h1_pass": false,
      "h2_flag": true
    }
  },
  "spearman_gate": {
    "gate_pass": false,
    "n_h1_pass": 0,
    "n_h2_flag": 8,
    "per_pair": {
      "1.4b-sft": {
        "mean_rho": 0.7532918389405048,
        "h1_pass": false,
        "h2_flag": true
      },
      "1.4b-dpo": {
        "mean_rho": 0.7369108579474619,
        "h1_pass": false,
        "h2_flag": true
      },
      "1.4b-ppo": {
        "mean_rho": -0.32410090578806094,
        "h1_pass": false,
        "h2_flag": true
      },
      "2.8b-sft": {
        "mean_rho": 0.7185376518077453,
        "h1_pass": false,
        "h2_flag": true
      },
      "2.8b-dpo": {
        "mean_rho": 0.5896155899747336,
        "h1_pass": false,
        "h2_flag": true
      },
      "2.8b-ppo": {
        "mean_rho": 0.17458979603360267,
        "h1_pass": false,
        "h2_flag": true
      },
      "6.9b-sft": {
        "mean_rho": 0.8389539818520388,
        "h1_pass": false,
        "h2_flag": true
      },
      "6.9b-dpo": {
        "mean_rho": 0.8748088249782288,
        "h1_pass": false,
        "h2_flag": false
      },
      "6.9b-ppo": {
        "mean_rho": 0.5045373926848321,
        "h1_pass": false,
        "h2_flag": true
      }
    }
  },
  "partition_results": {
    "1.4b-sft": {
      "n_shared": 8028,
      "n_changed": 6014,
      "rel_shared_base": 0.026230832159740213,
      "rel_shared_aligned": 0.0478962084537351,
      "rel_changed_base": 0.024195064325834143,
      "rel_changed_aligned": 0.06351105383839172,
      "cohens_d_shared": 1.0003843713914833,
      "h1_signature": false,
      "h2_check": true
    },
    "1.4b-dpo": {
      "n_shared": 8235,
      "n_changed": 5807,
      "rel_shared_base": 0.026190427061433128,
      "rel_shared_aligned": 0.1180634830079962,
      "rel_changed_base": 0.024129325849009977,
      "rel_changed_aligned": 0.14886983850684532,
      "cohens_d_shared": 0.9217539989606613,
      "h1_signature": false,
      "h2_check": true
    },
    "1.4b-ppo": {
      "n_shared": 44,
      "n_changed": 13998,
      "rel_shared_base": 0.13785907089114083,
      "rel_shared_aligned": 0.12172116579702204,
      "rel_changed_base": 0.02476078812456647,
      "rel_changed_aligned": 0.06568208088190987,
      "cohens_d_shared": 4.873973547817312,
      "h1_signature": false,
      "h2_check": false
    },
    "2.8b-sft": {
      "n_shared": 10017,
      "n_changed": 4025,
      "rel_shared_base": 0.01138217548077356,
      "rel_shared_aligned": 0.014214828537082983,
      "rel_changed_base": 0.005420340436278782,
      "rel_changed_aligned": 0.009617469500334045,
      "cohens_d_shared": 4.780604811392259,
      "h1_signature": false,
      "h2_check": false
    },
    "2.8b-dpo": {
      "n_shared": 8516,
      "n_changed": 5526,
      "rel_shared_base": 0.011252880046977325,
      "rel_shared_aligned": 0.06071197724137353,
      "rel_changed_base": 0.007246605848734539,
      "rel_changed_aligned": 0.04298051964536342,
      "cohens_d_shared": 3.4409555185305356,
      "h1_signature": false,
      "h2_check": false
    },
    "2.8b-ppo": {
      "n_shared": 4993,
      "n_changed": 9049,
      "rel_shared_base": 0.014109242262841925,
      "rel_shared_aligned": 0.07034417862609721,
      "rel_changed_base": 0.006903580261090844,
      "rel_changed_aligned": 0.04182014724843641,
      "cohens_d_shared": 5.620639864991391,
      "h1_signature": false,
      "h2_check": false
    },
    "6.9b-sft": {
      "n_shared": 11969,
      "n_changed": 2073,
      "rel_shared_base": 0.014200335149856072,
      "rel_shared_aligned": 0.015134031601129591,
      "rel_changed_base": 0.00745657247003717,
      "rel_changed_aligned": 0.007762955137608502,
      "cohens_d_shared": 3.4568082679304757,
      "h1_signature": false,
      "h2_check": false
    },
    "6.9b-dpo": {
      "n_shared": 11818,
      "n_changed": 2224,
      "rel_shared_base": 0.013896022285498398,
      "rel_shared_aligned": 0.024603254097492724,
      "rel_changed_base": 0.009340439533584322,
      "rel_changed_aligned": 0.014421181927898203,
      "cohens_d_shared": 2.157906401482888,
      "h1_signature": false,
      "h2_check": false
    },
    "6.9b-ppo": {
      "n_shared": 8472,
      "n_changed": 5570,
      "rel_shared_base": 0.016761058667155937,
      "rel_shared_aligned": 0.010380357257116177,
      "rel_changed_base": 0.00777120268001694,
      "rel_changed_aligned": 0.008383723884295476,
      "cohens_d_shared": 6.963633541540522,
      "h1_signature": false,
      "h2_check": false
    }
  },
  "mmlu_ece_results": {
    "pythia-1.4b-base": 0.08822812942104051,
    "pythia-2.8b-base": 0.05974859811027242,
    "pythia-6.9b-base": 0.07922618853996748,
    "pythia-1.4b-sft": 0.15752030624538785,
    "pythia-1.4b-dpo": 0.26245326324530815,
    "pythia-1.4b-ppo": 0.17496862749426,
    "pythia-2.8b-sft": 0.06942842778315932,
    "pythia-2.8b-dpo": 0.14406524357934478,
    "pythia-2.8b-ppo": 0.15769456332460008,
    "pythia-6.9b-sft": 0.08296255264433716,
    "pythia-6.9b-dpo": 0.10096218699757699,
    "pythia-6.9b-ppo": 0.06085922631654539
  },
  "tqa_ece_results": {
    "pythia-1.4b-base": {
      "ece": 0.5889077714594246,
      "n_items": 817
    },
    "pythia-2.8b-base": {
      "ece": 0.5926112746796732,
      "n_items": 817
    },
    "pythia-6.9b-base": {
      "ece": 0.5880545564532775,
      "n_items": 817
    },
    "pythia-1.4b-sft": {
      "ece": 0.6023176542488676,
      "n_items": 817
    },
    "pythia-1.4b-dpo": {
      "ece": 0.6058484941181501,
      "n_items": 817
    },
    "pythia-1.4b-ppo": {
      "ece": 0.6787397897894724,
      "n_items": 817
    },
    "pythia-2.8b-sft": {
      "ece": 0.603650392624546,
      "n_items": 817
    },
    "pythia-2.8b-dpo": {
      "ece": 0.6341900405338337,
      "n_items": 817
    },
    "pythia-2.8b-ppo": {
      "ece": 0.6021471526671892,
      "n_items": 817
    },
    "pythia-6.9b-sft": {
      "ece": 0.5900758554763538,
      "n_items": 817
    },
    "pythia-6.9b-dpo": {
      "ece": 0.6016194846225056,
      "n_items": 817
    },
    "pythia-6.9b-ppo": {
      "ece": 0.6101758981296252,
      "n_items": 817
    }
  },
  "h3_diagnostic": {
    "h3_flag": false,
    "per_alignment": {
      "sft": {
        "delta_tqa": 0.00882343325246393,
        "delta_mmlu": 0.027569456867201303,
        "ratio": 0.32004378232641023,
        "h3_signal": false
      },
      "dpo": {
        "delta_tqa": 0.024028138894037987,
        "delta_mmlu": 0.09342592591698318,
        "ratio": 0.2571891973047077,
        "h3_signal": false
      },
      "ppo": {
        "delta_tqa": 0.040496412664637105,
        "delta_mmlu": 0.0554398336880417,
        "ratio": 0.7304569651581067,
        "h3_signal": false
      }
    }
  },
  "mechanism_result": {
    "dominant": "H2",
    "h1_confirmed": false,
    "h2_dominant": true,
    "h3_flag": false,
    "per_alignment": {
      "sft": {
        "mean_rho_avg": 0.7702611575334296,
        "n_h1_signature": 0,