{
  "pythia-1.4b-base": {
    "ece": 0.08493673987128578,
    "brier_rel": 0.019019173426678478,
    "brier_res": 0.0004650542508830271,
    "brier_unc": 0.7492311653605995,
    "n_samples": 28654,
    "status": "ok"
  },
  "pythia-1.4b-sft": {
    "ece": 0.1415413014073431,
    "brier_rel": 0.044451582390677064,
    "brier_res": 0.0005035770889422801,
    "brier_unc": 0.749182529527011,
    "n_samples": 14042,
    "status": "ok",
    "delta_rel": 0.028855653525573143,
    "ci_lower": 0.026926032046901815,
    "ci_upper": 0.030931981459467458
  },
  "pythia-1.4b-dpo": {
    "ece": 0.25155737946806855,
    "brier_rel": 0.11513717307384169,
    "brier_res": 0.0007961450532398997,
    "brier_unc": 0.749182529527011,
    "n_samples": 14042,
    "status": "ok",
    "delta_rel": 0.10479506242531286,
    "ci_lower": 0.10091759582080997,
    "ci_upper": 0.10903650073614607
  },
  "pythia-1.4b-ppo": {
    "ece": 0.1923450695965247,
    "brier_rel": 0.0741988762364033,
    "brier_res": 0.00023474920381986658,
    "brier_unc": 0.749182529527011,
    "n_samples": 14042,
    "status": "ok",
    "delta_rel": 0.04060490936800983,
    "ci_lower": 0.034489858050517914,
    "ci_upper": 0.04644367589145103
  },
  "pythia-2.8b-base": {
    "ece": 0.05974859811027242,
    "brier_rel": 0.009332111810224735,
    "brier_res": 0.00033554522772729446,
    "brier_unc": 0.749182529527011,
    "n_samples": 14042,
    "status": "ok"
  },
  "pythia-2.8b-sft": {
    "ece": 0.06942842778315932,
    "brier_rel": 0.012583975640729916,
    "brier_res": 0.0004008279663947149,
    "brier_unc": 0.749182529527011,
    "n_samples": 14042,
    "status": "ok",
    "delta_rel": 0.003251863830505181,
    "ci_lower": 0.0021485779779351743,
    "ci_upper": 0.004473305797025727
  },
  "pythia-2.8b-dpo": {
    "ece": 0.14406524357934478,
    "brier_rel": 0.053056660208703255,
    "brier_res": 0.0007010165936850082,
    "brier_unc": 0.749182529527011,
    "n_samples": 14042,
    "status": "ok",
    "delta_rel": 0.043724548398478516,
    "ci_lower": 0.04071076360848842,
    "ci_upper": 0.04685006773815565
  },
  "pythia-2.8b-ppo": {
    "ece": 0.15769456332460008,
    "brier_rel": 0.05164459519954956,
    "brier_res": 0.00039175028133674183,
    "brier_unc": 0.749182529527011,
    "n_samples": 14042,
    "status": "ok",
    "delta_rel": 0.04231248338932482,
    "ci_lower": 0.03884935291222488,
    "ci_upper": 0.04556900674988121
  },
  "pythia-6.9b-base": {
    "ece": 0.07922618853996748,
    "brier_rel": 0.012786338754636126,
    "brier_res": 0.0004471862953707991,
    "brier_unc": 0.749182529527011,
    "n_samples": 14042,
    "status": "ok"
  },
  "pythia-6.9b-sft": {
    "ece": 0.08296255264433716,
    "brier_rel": 0.013755927819862528,
    "brier_res": 0.0005507429974344041,
    "brier_unc": 0.749182529527011,
    "n_samples": 14042,
    "status": "ok",
    "delta_rel": 0.0009695890652264023,
    "ci_lower": 6.1690995235679e-05,
    "ci_upper": 0.0018164726552701612
  },
  "pythia-6.9b-dpo": {
    "ece": 0.10096218699757699,
    "brier_rel": 0.02273315416326494,
    "brier_res": 0.0008520135662490966,
    "brier_unc": 0.749182529527011,
    "n_samples": 14042,
    "status": "ok",
    "delta_rel": 0.009946815408628816,
    "ci_lower": 0.008962583212235963,
    "ci_upper": 0.01116213549763045
  },
  "pythia-6.9b-ppo": {
    "ece": 0.06085922631654539,
    "brier_rel": 0.009226598671606044,
    "brier_res": 0.0006720241338206027,
    "brier_unc": 0.749182529527011,
    "n_samples": 14042,
    "status": "ok",
    "delta_rel": -0.0035597400830300815,
    "ci_lower": -0.005272098291919338,
    "ci_upper": -0.0018187936334822501
  }
}