Method,accuracy,precision,recall,f1,harmful_blocked,safe_allowed,optimal_threshold
Static Guardrail,0.55,0.4,0.5714285714285714,0.47058823529411764,0.5714285714285714,0.5384615384615384,
Uncertainty-Only,0.35,0.35,1.0,0.5185185185185185,1.0,0.0,0.2
CCDG,0.35,0.35,1.0,0.5185185185185185,1.0,0.0,
