{
  "config": {
    "model": "Qwen/Qwen2-0.5B",
    "train_samples": 60,
    "test_samples": 40
  },
  "results": {
    "Static Guardrail": {
      "accuracy": 0.55,
      "precision": 0.4,
      "recall": 0.5714285714285714,
      "f1": 0.47058823529411764,
      "harmful_blocked": 0.5714285714285714,
      "safe_allowed": 0.5384615384615384
    },
    "Uncertainty-Only": {
      "accuracy": 0.35,
      "precision": 0.35,
      "recall": 1.0,
      "f1": 0.5185185185185185,
      "harmful_blocked": 1.0,
      "safe_allowed": 0.0,
      "optimal_threshold": 0.2
    },
    "CCDG": {
      "accuracy": 0.35,
      "precision": 0.35,
      "recall": 1.0,
      "f1": 0.5185185185185185,
      "harmful_blocked": 1.0,
      "safe_allowed": 0.0,
      "zone_distribution": {
        "GREEN": 0.0,
        "YELLOW": 0.0,
        "ORANGE": 0.0,
        "RED": 1.0
      },
      "thresholds": {
        "tau1": 0.2,
        "tau2": 0.30000000000000004,
        "tau3": 0.4
      }
    }
  },
  "training": {
    "train_losses": [
      0.7332295661880857,
      0.6967858799866268,
      0.6947912942795527,
      0.6941203758830116,
      0.6935527055036455,
      0.6933467232045674,
      0.6934951628957476,
      0.693327363048281,
      0.6932759795870099,
      0.6932463291145506
    ],
    "val_losses": [
      0.6964905560016632,
      0.6939972341060638,
      0.693682117594613,
      0.6932583451271057,
      0.6931989159848955,
      0.693181574344635,
      0.6931873626179166,
      0.6931687361664243,
      0.6931917700502608,
      0.6931826339827644
    ]
  },
  "uncertainty_stats": {
    "mean": 0.47861485469789045,
    "std": 0.015108759157730058,
    "min": 0.4549041433604513,
    "max": 0.528537125158481
  },
  "labels": {
    "correct": 26,
    "incorrect": 14
  }
}