{
  "heterogeneity_metrics": {
    "d_n_range": 0.265,
    "d_n_iqr": 0.07666062801932372,
    "d_n_mean": 0.5445559868875086,
    "d_n_std": 0.07593340196623354,
    "d_n_quartiles": {
      "Q1": 0.5256944444444445,
      "Q2": 0.5482336956521738,
      "Q3": 0.6023550724637682
    },
    "entropy_range": 1.232143679592633,
    "entropy_mean": 2.7755967002487743,
    "entropy_std": 0.3251492148467576,
    "entropy_quartiles": {
      "Q1": 2.724184829861603,
      "Q2": 2.833213342356216,
      "Q3": 2.955102539254547
    },
    "pass_criteria": false
  },
  "training_summary": {
    "best_val_loss": 0.6931520104408264,
    "total_epochs": 100
  },
  "gate_result": "FAIL"
}