{
  "config": {
    "architecture": [
      10,
      32,
      32,
      2
    ],
    "n_models": 80,
    "n_epochs_zoo": 30,
    "n_epochs_gen": 60,
    "batch_size": 16,
    "lr": 0.001,
    "beta": 0.1,
    "latent_dim": 64,
    "task_type": "classification",
    "seed": 42
  },
  "training_results": {
    "SymVAE_Full": {
      "best_val_loss": 0.20848606526851654,
      "training_time": 2.032813549041748
    },
    "SymVAE_NoCanon": {
      "best_val_loss": 0.20575281977653503,
      "training_time": 0.7428386211395264
    },
    "SymVAE_NoHier": {
      "best_val_loss": 0.20600196719169617,
      "training_time": 1.718538761138916
    },
    "Vanilla_VAE": {
      "best_val_loss": 0.20684899389743805,
      "training_time": 0.5959110260009766
    },
    "HyperNetwork": {
      "best_val_loss": 0.20938801765441895,
      "training_time": 0.36237359046936035
    }
  },
  "evaluation_results": {
    "SymVAE_Full": {
      "test_loss": 0.6947341567940183,
      "test_loss_std": 0.0011681271716745957,
      "test_accuracy": 0.5011111111111111,
      "test_accuracy_std": 0.004581228472908516,
      "latent_variance_mean": 0.0038612472611324242,
      "latent_variance_std": 0.0015866670197270062,
      "interpolation_smoothness_mean": 2765.2098452733358,
      "interpolation_smoothness_std": 1289.0583334983137
    },
    "SymVAE_NoCanon": {
      "test_loss": 0.6938295649157631,
      "test_loss_std": 0.0009363678587348381,
      "test_accuracy": 0.5,
      "test_accuracy_std": 0.0,
      "latent_variance_mean": 0.002469463370895634,
      "latent_variance_std": 0.0010225241968288886,
      "interpolation_smoothness_mean": 3879.7567751664164,
      "interpolation_smoothness_std": 1834.1038390762058
    },
    "SymVAE_NoHier": {
      "test_loss": 0.6942673166592916,
      "test_loss_std": 0.0013188411384818036,
      "test_accuracy": 0.5,
      "test_accuracy_std": 0.0,
      "latent_variance_mean": 0.003184565808624029,
      "latent_variance_std": 0.001355481637219515,
      "interpolation_smoothness_mean": 5903.169353326858,
      "interpolation_smoothness_std": 3793.8610930650675
    },
    "Vanilla_VAE": {
      "test_loss": 0.6933781299326154,
      "test_loss_std": 0.0004710170637101208,
      "test_accuracy": 0.5029166666666667,
      "test_accuracy_std": 0.004768967975941503,
      "latent_variance_mean": 0.0021193306699084737,
      "latent_variance_std": 0.0006785951698929122,
      "interpolation_smoothness_mean": 7085.228653178097,
      "interpolation_smoothness_std": 2078.5096502369943
    },
    "HyperNetwork": {
      "test_loss": 0.6925052478578356,
      "test_loss_std": 0.0003607305299695391,
      "test_accuracy": 0.5469444444444443,
      "test_accuracy_std": 0.039427813395315266
    }
  }
}