{
  "nmi_scores": {
    "semantic": 0.02293982755990053,
    "permutation": 0.010050704229329913,
    "lda": 0.0049378344495787,
    "lexical": 0.0
  },
  "baseline_gap": 0.012889123330570618,
  "control_results": {
    "original": 0.02293982755990053,
    "length_normalized": 0.02293982755990053,
    "modality_filtered": 0.02293982755990053
  },
  "probe_results": {
    "HuggingFace": 0.9733333333333333,
    "UCI": 1.0
  },
  "probe_variance": 0.0001777777777777786,
  "repository_nmis": {
    "HuggingFace": 0.025354447720559965,
    "UCI": 0.39142233882156474
  },
  "scaffolding_results": {
    "scaffolded": 0.04705165318656599,
    "unscaffolded": 0.05907830953001798,
    "gap": -0.012026656343451993
  },
  "primary_criteria": {
    "nmi_threshold_met": false,
    "baseline_gap_met": false
  },
  "secondary_criteria": {
    "normalized_nmi_met": false,
    "probe_variance_met": true
  },
  "gate_status": "FAIL",
  "failure_action": "EXPLORE - Embeddings insufficient, test alternative representations",
  "timestamp": "2026-03-18T08:36:46.557388",
  "experiment_id": "h-m-integrated"
}