{
  "hypothesis_id": "H-M1",
  "gate_passed": true,
  "gate_type": "spearman_rank_correlation",
  "spearman_rho": 0.9999999999999999,
  "spearman_pvalue": 1.4042654220543672e-24,
  "bootstrap_ci": [
    null,
    null
  ],
  "mean_log_odds_per_config": {
    "C1": 0.6969834591152213,
    "C2": 0.9158302095906015,
    "C3": 1.1907286560374342,
    "C4": 1.7336462390411296,
    "C5": 2.976219759064549,
    "C6": 0.6434491032597902
  },
  "mechanism_check": {
    "log_odds_computed": true,
    "shape_valid": true,
    "variation_exists": true,
    "spearman_computed": true,
    "mechanism_activated": true
  },
  "gate": {
    "gate_passed": true,
    "rho": 0.9999999999999999,
    "pvalue": 1.4042654220543672e-24,
    "bootstrap_ci_low": null,
    "bootstrap_ci_high": null
  }
}