{
  "hypothesis_id": "h-m3",
  "timestamp": "2026-03-15T14:10:53.201805",
  "dry_run": false,
  "overall_gate": "FAIL",
  "n_models_gate_passed": 0,
  "model_results": {
    "minilm": {
      "gate_result": "FAIL",
      "gate": {
        "gate_passed": false,
        "ops_passing": 0,
        "ops_passing_list": [],
        "auto_demote": false,
        "n_pairs_min": 14426,
        "gate_result": "FAIL"
      },
      "op_results": {
        "raw": {
          "mean_delta": -0.09752307459712029,
          "ci_lower": -0.10071465942698221,
          "ci_upper": -0.09432066474109889,
          "n_pairs": 14426
        },
        "length_matched": {
          "mean_delta": -0.1098994438846906,
          "ci_lower": -0.11299130357801913,
          "ci_upper": -0.10680817188695073,
          "n_pairs": 14426
        },
        "prompt_projected": {
          "mean_delta": -0.04260781438400348,
          "ci_lower": -0.04513291081724067,
          "ci_upper": -0.04008078020997346,
          "n_pairs": 14426
        }
      },
      "tier_results": {
        "helpful-base": {
          "op_stats": {
            "raw": {
              "mean_delta": -0.01975565031170845,
              "ci_lower": -0.022656563250347973,
              "ci_upper": -0.016773509979248046,
              "ttest": {
                "t_stat": -13.058048890732445,
                "p_value": 7.241156361794957e-39,
                "df": 31012,
                "significant": true
              },
              "cohen_d": -0.0741491920978476,
              "n_pairs": 31013
            },
            "length_matched": {
              "mean_delta": -0.04123389720916748,
              "ci_lower": -0.04393018204718828,
              "ci_upper": -0.03841567942872644,
              "ttest": {
                "t_stat": -28.287951007605017,
                "p_value": 7.876174032544327e-174,
                "df": 31012,
                "significant": true
              },
              "cohen_d": -0.16063107236838592,
              "n_pairs": 31013
            },
            "prompt_projected": {
              "mean_delta": 0.01396686490625143,
              "ci_lower": 0.011702116625383497,
              "ci_upper": 0.016313951602205633,
              "ttest": {
                "t_stat": 12.137396037594796,
                "p_value": 7.986094256810494e-34,
                "df": 31012,
                "significant": true
              },
              "cohen_d": 0.06892132387852529,
              "n_pairs": 31013
            }
          },
          "gate": {
            "gate_passed": false,
            "ops_passing": 1,
            "ops_passing_list": [
              "prompt_projected"
            ],
            "auto_demote": false,
            "n_pairs_min": 31013,
            "gate_result": "FAIL"
          },
          "n_pairs": 31013
        },
        "helpful-rejection-sampled": {
          "op_stats": {
            "raw": {
              "mean_delta": -0.10581634938716888,
              "ci_lower": -0.10861209221184254,
              "ci_upper": -0.1031667048111558,
              "ttest": {
                "t_stat": -75.590348072099,
                "p_value": 0.0,
                "df": 35664,
                "significant": true
              },
              "cohen_d": -0.40026278674344534,
              "n_pairs": 35665
            },
            "length_matched": {
              "mean_delta": -0.11808135360479355,
              "ci_lower": -0.12087162602692843,
              "ci_upper": -0.11550914589315653,
              "ttest": {
                "t_stat": -86.65632044244973,
                "p_value": 0.0,
                "df": 35664,
                "significant": true
              },
              "cohen_d": -0.4588588717093027,
              "n_pairs": 35665
            },
            "prompt_projected": {
              "mean_delta": -0.044591523706912994,
              "ci_lower": -0.04674641601741314,
              "ci_upper": -0.04244881486520171,
              "ttest": {
                "t_stat": -40.76365219939426,
                "p_value": 0.0,
                "df": 35664,
                "significant": true
              },
              "cohen_d": -0.21584994952658862,
              "n_pairs": 35665
            }
          },
          "gate": {
            "gate_passed": false,
            "ops_passing": 0,
            "ops_passing_list": [],
            "auto_demote": false,
            "n_pairs_min": 35665,
            "gate_result": "FAIL"
          },
          "n_pairs": 35665
        },
        "helpful-online": {
          "op_stats": {
            "raw": {
              "mean_delta": -0.16699722409248352,
              "ci_lower": -0.17087532281875611,
              "ci_upper": -0.1630217794328928,
              "ttest": {
                "t_stat": -85.95514640151734,
                "p_value": 0.0,
                "df": 14425,
                "significant": true
              },
              "cohen_d": -0.715647131305195,
              "n_pairs": 14426
            },
            "length_matched": {
              "mean_delta": -0.17038308084011078,
              "ci_lower": -0.1741721026599407,
              "ci_upper": -0.16649969033896922,
              "ttest": {
                "t_stat": -88.6466718812956,
                "p_value": 0.0,
                "df": 14425,
                "significant": true
              },
              "cohen_d": -0.7380562710527496,
              "n_pairs": 14426
            },
            "prompt_projected": {
              "mean_delta": -0.09719878435134888,
              "ci_lower": -0.10035443305969238,
              "ci_upper": -0.09410747736692429,
              "ttest": {
                "t_stat": -62.90692403381261,
                "p_value": 0.0,
                "df": 14425,
                "significant": true
              },
              "cohen_d": -0.523751738672862,
              "n_pairs": 14426
            }
          },
          "gate": {
            "gate_passed": false,
            "ops_passing": 0,
            "ops_passing_list": [],
            "auto_demote": false,
            "n_pairs_min": 14426,
            "gate_result": "FAIL"
          },
          "n_pairs": 14426
        }
      }
    },
    "paraphrase": {
      "gate_result": "FAIL",
      "gate": {
        "gate_passed": false,
        "ops_passing": 0,
        "ops_passing_list": [],
        "auto_demote": false,
        "n_pairs_min": 14426,
        "gate_result": "FAIL"
      },
      "op_results": {
        "raw": {
          "mean_delta": -0.1022482980042696,
          "ci_lower": -0.10522859925404189,
          "ci_upper": -0.09920070370038352,
          "n_pairs": 14426
        },
        "length_matched": {
          "mean_delta": -0.11057064061363538,
          "ci_lower": -0.11348174739008149,
          "ci_upper": -0.1076310801319778,
          "n_pairs": 14426
        },
        "prompt_projected": {
          "mean_delta": -0.06089905773599943,
          "ci_lower": -0.06350403140919904,
          "ci_upper": -0.058392843573043744,
          "n_pairs": 14426
        }
      },
      "tier_results": {
        "helpful-base": {
          "op_stats": {
            "raw": {
              "mean_delta": -0.030340461060404778,
              "ci_lower": -0.032961814943701026,
              "ci_upper": -0.027569019235670567,
              "ttest": {
                "t_stat": -21.61811910199678,
                "p_value": 6.98623340004501e-103,
                "df": 31012,
                "significant": true
              },
              "cohen_d": -0.12275692503866084,
              "n_pairs": 31013
            },
            "length_matched": {
              "mean_delta": -0.045607056468725204,
              "ci_lower": -0.0480496765114367,
              "ci_upper": -0.04294528169557452,
              "ttest": {
                "t_stat": -33.74376189970516,
                "p_value": 3.6248815032862867e-245,