{
  "attention_mean": 0.7587720783400633,
  "attention_std": 0.010961813938713788,
  "attention_d_values": [
    0.771811893127511,
    0.7597398348374595,
    0.7585286457025427,
    0.74500793969274
  ],
  "mlp_mean": 0.7626451596669024,
  "mlp_std": 0.017792447335266384,
  "mlp_d_values": [
    0.782763474349854,
    0.7561931123759418,
    0.7489788922749114
  ],
  "group_difference": -0.0038730813268390563,
  "mannwhitney_statistic": 6.0,
  "p_value": 1.0
}