{
  "mean_distance": 16.227013563835758,
  "std_distance": 0.022858968124498513,
  "t_statistic": 14805.62023873043,
  "p_value": 0.0,
  "n_pairs": 435
}