{
  "mean_distance": 9.598891345933936,
  "std_distance": 0.020216665639665603,
  "t_statistic": 9902.758222090948,
  "p_value": 0.0,
  "n_pairs": 435
}