{
  "timestamp": "2026-03-21T02:22:07.150940",
  "gate_result": {
    "overall_pass": true,
    "alpha": 0.05,
    "conditions": {
      "1layer_mnist": {
        "p_value": 0.0,
        "pass": true
      },
      "1layer_fashion_mnist": {
        "p_value": 0.0,
        "pass": true
      },
      "2layer_mnist": {
        "p_value": 0.0,
        "pass": true
      },
      "2layer_fashion_mnist": {
        "p_value": 0.0,
        "pass": true
      }
    },
    "n_conditions_pass": 4,
    "n_conditions_total": 4
  },
  "conditions": {
    "1layer_mnist": {
      "mean_distance": 9.598891345933936,
      "std_distance": 0.020216665639665603,
      "t_statistic": 9902.758222090948,
      "p_value": 0.0,
      "n_pairs": 435
    },
    "1layer_fashion_mnist": {
      "mean_distance": 9.598891345933936,
      "std_distance": 0.020216665639665603,
      "t_statistic": 9902.758222090948,
      "p_value": 0.0,
      "n_pairs": 435
    },
    "2layer_mnist": {
      "mean_distance": 16.227013563835758,
      "std_distance": 0.022858968124498513,
      "t_statistic": 14805.62023873043,
      "p_value": 0.0,
      "n_pairs": 435
    },
    "2layer_fashion_mnist": {
      "mean_distance": 16.227013563835758,
      "std_distance": 0.022858968124498513,
      "t_statistic": 14805.62023873043,
      "p_value": 0.0,
      "n_pairs": 435
    }
  }
}