{
  "delta_ast": 0.07499999999999998,
  "ci_lower": -0.025000000000000022,
  "ci_upper": 0.21999999999999997,
  "p_value": 0.1186,
  "gate_result": "PARTIAL",
  "n_bootstrap": 10000,
  "alpha": 0.05,
  "interpretation": "one-sided: p_value = fraction of bootstrap deltas <= 0"
}