{
  "hypothesis_id": "h-m2",
  "timestamp": "2026-04-30T14:45:10.558509Z",
  "gate_pass": false,
  "partial_rho": {
    "rho_partial_advglue": -0.7184937298424646,
    "bca_ci_low": -0.8821912140162618,
    "bca_ci_high": -0.3862353282385461,
    "ci_excludes_zero": true,
    "passes_threshold": true,
    "rho_partial_anli": -0.6666538728050458,
    "anli_bca_ci_low": -0.8186571700977666,
    "anli_bca_ci_high": -0.3851981865536912
  },
  "composite_auc": {
    "auc": 0.7386363636363636,
    "feature_cols": [
      "ECE",
      "TruthfulQA_pct",
      "Brier"
    ]
  },
  "baseline_auc": {
    "auc": 0.6875,
    "feature_cols": [
      "MMLU_acc"
    ]
  },
  "delta_bootstrap": {
    "auc_composite": 0.7386363636363636,
    "auc_baseline": 0.6875,
    "delta_auc": 0.051136363636363646,
    "delta_auc_ci": [
      -0.19444444444444445,
      0.44917613636363596
    ],
    "ci_excludes_zero": false,
    "passes_delta_threshold": false,
    "passes_auc_threshold": true
  }
}