{
  "mnist, 1layer": {
    "mean": 97.94733333333332,
    "variance": 0.009951264367816277,
    "std": 0.09975602421817079,
    "cv_percent": 0.10184659533167906,
    "ci_lower": 97.91333333333333,
    "ci_upper": 97.98333333333333
  },
  "mnist, 2layer": {
    "mean": 98.14599999999997,
    "variance": 0.00940413793103449,
    "std": 0.09697493455029754,
    "cv_percent": 0.0988068128607356,
    "ci_lower": 98.11266666666667,
    "ci_upper": 98.181
  }
}