{
  "1layer_mnist": {
    "variance_point": 0.009560877471264552,
    "ci_lower": 0.004844698275862227,
    "ci_upper": 0.015388232758621034,
    "ci_width_pct": 110.27789566854773,
    "n_samples": 30,
    "n_resamples": 1000
  },
  "2layer_mnist": {
    "variance_point": 0.009035053448275874,
    "ci_lower": 0.005261807471264342,
    "ci_upper": 0.013674772988505508,
    "ci_width_pct": 93.11472882151661,
    "n_samples": 30,
    "n_resamples": 1000
  }
}