{
  "hypothesis": "H-M1",
  "gate": "FAIL",
  "mean_early_gdr": 6.976891561633494,
  "std_early_gdr": 1.2563812237396497,
  "mean_early_gdr_per_seed": {
    "1": 8.722517824636839,
    "2": 5.817142232549426,
    "3": 6.391014627714218
  },
  "wilcoxon_results": {
    "1": {
      "stat": 6.0,
      "p_value": 0.125
    },
    "2": {
      "stat": 6.0,
      "p_value": 0.125
    },
    "3": {
      "stat": 6.0,
      "p_value": 0.125
    }
  },
  "pearson_correlation": {},
  "per_seed": {
    "1": {
      "gdr_series": [
        9.52514395584067,
        3.265317050234755,
        13.37709246783509,
        4.502834471392735,
        11.499831510054346,
        20.554477153891842,
        15.331584992801124,
        6.5047948359924215,
        19.078597643343027,
        14.021872543358887,
        15.765927309854701,
        5.158651236517716,
        22.771947869320222,
        9.729977603800013,
        5.217573168098194
      ],
      "spurious_grad_norms": [
        0.7940932512283325,
        0.6146968603134155,
        0.7703295350074768,
        0.6636307835578918,
        0.7558811902999878,
        0.8075470924377441,
        0.7908840775489807,
        0.9293400645256042,
        0.7967439889907837,
        0.8762811422348022,
        0.8629340529441833,
        0.7021442651748657,
        0.8260684013366699,
        0.8981048464775085,
        0.7205055356025696
      ],
      "core_grad_norms": [
        0.08336810022592545,
        0.18825027346611023,
        0.057585712522268295,
        0.14738066494464874,
        0.06572975218296051,
        0.039288125932216644,
        0.05158526822924614,
        0.1428699940443039,
        0.0417611300945282,
        0.06249386444687843,
        0.05473410338163376,
        0.13611003756523132,
        0.03627569228410721,
        0.09230285882949829,
        0.1380920708179474
      ],
      "mean_early_gdr": 8.722517824636839,
      "wilcoxon_stat": 6.0,
      "wilcoxon_p": 0.125
    },
    "2": {
      "gdr_series": [
        3.437917951279469,
        5.072148204692243,
        8.941360541676566,
        1.6620699067261506,
        12.650792282129071,
        15.229167437937715,
        18.926834982960685,
        27.424309472391187,
        7.071666212013728,
        11.910561199461037,
        17.621043910478217,
        23.959324168123906,
        9.675738108578013,
        17.660117439081013,
        9.561713265372525
      ],
      "spurious_grad_norms": [
        1.1041948795318604,
        0.7029781341552734,
        0.8722606301307678,
        0.5143470168113708,
        0.8621652722358704,
        0.8669667840003967,
        0.8031602501869202,
        0.8164514899253845,
        0.7408719658851624,
        0.7912823557853699,
        0.8249254822731018,
        0.8385438323020935,
        0.9194197654724121,
        0.8711709380149841,
        0.7696025967597961
      ],
      "core_grad_norms": [
        0.3211812674999237,
        0.13859573006629944,
        0.09755344688892365,
        0.30946171283721924,
        0.0681510791182518,
        0.056928038597106934,
        0.04243499040603638,
        0.029771076515316963,
        0.10476624220609665,
        0.06643534451723099,
        0.04681478068232536,
        0.034998632967472076,
        0.09502320736646652,
        0.049329839646816254,
        0.0804879292845726
      ],
      "mean_early_gdr": 5.817142232549426,
      "wilcoxon_stat": 6.0,
      "wilcoxon_p": 0.125
    },
    "3": {
      "gdr_series": [
        6.725734708649715,
        6.321488427287588,
        6.125820747205349,
        11.21341620961778,
        9.917693551266165,
        4.891005858872836,
        3.1630042565326253,
        2.558753761611633,
        10.362358081635897,
        9.182043165800444,
        6.98026961883999,
        27.175232394627592,
        12.75505738025123,
        11.535021505876092,
        21.946262649372493
      ],
      "spurious_grad_norms": [
        0.9289675354957581,
        0.9054743647575378,
        0.9386535286903381,
        0.7665789127349854,
        0.7468718886375427,
        1.0422554016113281,
        0.6303434371948242,
        0.6152575016021729,
        0.9069847464561462,
        0.8958112001419067,
        0.707607626914978,
        0.8668186068534851,
        0.7713091373443604,
        0.9096556901931763,
        0.8231996297836304
      ],
      "core_grad_norms": [
        0.1381213366985321,
        0.14323751628398895,
        0.1532290130853653,
        0.06836264580488205,
        0.07530700415372849,
        0.21309632062911987,
        0.1992862969636917,
        0.24045200645923615,
        0.08752685785293579,
        0.09756119549274445,
        0.10137252509593964,
        0.03189736604690552,
        0.060470838099718094,
        0.0788603276014328,
        0.03750977665185928
      ],
      "mean_early_gdr": 6.391014627714218,
      "wilcoxon_stat": 6.0,
      "wilcoxon_p": 0.125
    }
  },
  "figures": [
    "mean_early_gdr_bar.png",
    "gdr_timeline.png",
    "grad_norm_dual_axis.png",
    "early_late_violin.png"
  ],
  "seeds_passed_gdr": 3,
  "seeds_passed_wilcoxon": 0,
  "gate_criteria": {
    "min_seeds_pass": 2,
    "p_threshold": 0.05,
    "gdr_threshold": 1.0
  }
}