{
  "tasks": [
    {
      "task_name": "dialogue",
      "kl_divergence_from_uniform": 0.2793944415616501,
      "kl_passes": true,
      "wilcoxon_pvalue": 0.0,
      "wilcoxon_statistic": 51.29499612940962,
      "wilcoxon_passes": true,
      "p_near_uniform": 5e-05,
      "class_means": [
        0.3988206088542938,
        0.039866529405117035,
        0.5613098740577698
      ],
      "cohens_d": 0.7140528311979442,
      "not_near_uniform": true
    },
    {
      "task_name": "qa",
      "kl_divergence_from_uniform": 0.0353027628022822,
      "kl_passes": false,
      "wilcoxon_pvalue": 1.5157408790872376e-271,
      "wilcoxon_statistic": 35.207862473639146,
      "wilcoxon_passes": true,
      "p_near_uniform": 0.00015,
      "class_means": [
        0.330226868391037,
        0.22715087234973907,
        0.44261229038238525
      ],
      "cohens_d": 0.7792953358066395,
      "not_near_uniform": true
    },
    {
      "task_name": "summarization",
      "kl_divergence_from_uniform": 0.3104487617058591,
      "kl_passes": true,
      "wilcoxon_pvalue": 2.0662626113419406e-13,
      "wilcoxon_statistic": 7.344437471321918,
      "wilcoxon_passes": true,
      "p_near_uniform": 5e-05,
      "class_means": [
        0.02780088782310486,
        0.4076189696788788,
        0.5645796656608582
      ],
      "cohens_d": 0.21962101781816423,
      "not_near_uniform": true
    }
  ],
  "gate": {
    "gate_pass": false,
    "kl_all_pass": false,
    "wilcoxon_pass_count": 3,
    "mechanism_activated": false
  }
}