{"train_loss": [1.7234625339508056, 5.006257629394531, 3.302551031112671, 3.4684023380279543, 5.484574604034424, 4.763561534881592, 2.1087366104125977, 3.253019618988037, 2.0409051418304442, 1.6161893606185913, 1.2685182094573975, 1.7343448877334595, 1.3837303400039673, 1.4776938080787658, 1.1658309936523437, 1.0955180525779724, 1.189562487602234, 1.2349037885665894, 1.132387387752533, 1.1708030104637146, 1.045122230052948, 0.9533315181732178, 1.0626380920410157, 1.0247779726982116, 1.0767554640769958, 0.9657074570655823, 0.9071846723556518, 0.9964216709136963, 0.8875014185905457, 0.8919616222381592, 0.8552619457244873, 0.8650409340858459, 0.8207649230957031, 0.8102415919303894, 0.7952104091644288, 0.8153169274330139, 0.7727992177009583, 0.9095834016799926, 0.7977547883987427, 0.778016185760498, 0.7336983323097229, 0.6845278739929199, 0.7418842554092407, 0.7274012446403504, 0.6798238754272461, 0.6481473326683045, 0.6470864772796631, 0.6353859186172486, 0.6251049160957336, 0.6400189399719238, 0.6346536040306091, 0.6177314281463623, 0.597048306465149, 0.5786656260490417, 0.579864752292633, 0.5683171927928925, 0.5596265316009521, 0.5606060445308685, 0.5459267973899842, 0.5278041064739227, 0.5358108282089233, 0.5280341804027557, 0.5130145728588105, 0.49795441031455995, 0.4864540874958038, 0.4830091893672943, 0.4787063241004944, 0.469378674030304, 0.4622083902359009, 0.45773638486862184, 0.45202447175979615, 0.44865126609802247, 0.442575603723526, 0.4365916907787323, 0.4335887014865875, 0.4300724685192108, 0.4286420583724976, 0.4215392470359802, 0.418399316072464, 0.4145555436611176, 0.4097537934780121, 0.4067994117736816, 0.40353313088417053, 0.40120731592178344, 0.39876378178596494, 0.3963423013687134, 0.3944250881671906, 0.39281147718429565, 0.3915220320224762, 0.39023077487945557, 0.3893461644649506, 0.3885067582130432, 0.3878080785274506, 0.38726611733436583, 0.38687836527824404, 0.3865702152252197, 0.3863582074642181, 0.3862081468105316, 0.3861307382583618, 0.38609921336174013], "train_rec_loss": [0.9667632460594178, 0.9927302122116088, 0.9572265148162842, 0.9547993063926696, 0.9543641805648804, 0.9541885495185852, 0.9541203856468201, 0.9540212631225586, 0.9539635300636291, 0.9538804769515992, 0.953731369972229, 0.9534126281738281, 0.9520666480064393, 0.9464720010757446, 0.9414450645446777, 0.9396218419075012, 0.9320621132850647, 0.925118374824524, 0.9143393158912658, 0.9013258934020996, 0.8962536811828613, 0.8893929958343506, 0.8793644666671753, 0.870687472820282, 0.8630555391311645, 0.8563960552215576, 0.8426759839057922, 0.8369169950485229, 0.8217810392379761, 0.8063084840774536, 0.789984130859375, 0.7804771661758423, 0.7575072407722473, 0.7428477883338929, 0.7314998507499695, 0.7319392561912537, 0.7157601118087769, 0.6963669419288635, 0.6953241467475891, 0.6871488928794861, 0.6740265011787414, 0.6586705803871155, 0.6467151880264282, 0.6365545511245727, 0.6263715386390686, 0.6151923179626465, 0.6042310357093811, 0.6096795558929443, 0.6103361129760743, 0.5882497906684876, 0.5930166482925415, 0.5776228904724121, 0.558794891834259, 0.553583687543869, 0.5380815625190735, 0.5339284181594849, 0.5275285840034485, 0.5193786799907685, 0.5126126706600189, 0.5088645875453949, 0.5088787794113159, 0.503470778465271, 0.4943111538887024, 0.485280841588974, 0.4804303050041199, 0.4762155473232269, 0.4691271007061005, 0.46138971447944643, 0.4573909878730774, 0.4516436755657196, 0.44709206819534303, 0.44067658185958863, 0.43659446239471433, 0.43275116086006166, 0.4293654918670654, 0.4277949929237366, 0.42407318353652956, 0.4194547772407532, 0.41645379066467286, 0.4125728189945221, 0.40854172706604003, 0.4057856559753418, 0.40266916155815125, 0.40056630969047546, 0.3983843266963959, 0.3960243582725525, 0.3940728485584259, 0.39245357513427737, 0.39129859805107114, 0.39014227986335753, 0.389202219247818, 0.3884486794471741, 0.38776670694351195, 0.38723101019859313, 0.38685386776924136, 0.38654634952545164, 0.3863369345664978, 0.3861880719661713, 0.38611100912094115, 0.38607959151268006], "train_prop_loss": [0.7566992700099945, 4.013527417182923, 2.345324492454529, 2.513602983951569, 4.530210423469543, 3.809372973442078, 1.15461622774601, 2.298998314142227, 1.086941623687744, 0.6623088359832764, 0.31478681564331057, 0.7809322655200959, 0.431663715839386, 0.5312218055129051, 0.2243859376758337, 0.1558961719274521, 0.2575003534555435, 0.30978540852665903, 0.21804804503917694, 0.26947711370885374, 0.1488685354590416, 0.06393853276968002, 0.18327361196279526, 0.15409051179885863, 0.21369992643594743, 0.10931139178574086, 0.06450867671519518, 0.15950468108057975, 0.0657203808426857, 0.08565312922000885, 0.06527782585471868, 0.08456377647817134, 0.06325768157839776, 0.06739381104707717, 0.06371056269854307, 0.08337767422199249, 0.05703911408782005, 0.21321647390723228, 0.10243064388632775, 0.09086728915572166, 0.05967183150351048, 0.02585729453712702, 0.0951690647751093, 0.09084670171141625, 0.053452327474951745, 0.03295501358807087, 0.04285543095320463, 0.025706354063004255, 0.01476879995316267, 0.051769166439771655, 0.041636955365538596, 0.04010852910578251, 0.0382534084841609, 0.02508194074034691, 0.041783188190311196, 0.0343887853436172, 0.032097946479916574, 0.04122736491262913, 0.0333141278475523, 0.018939520884305238, 0.02693205513060093, 0.02456340114586055, 0.018703419901430606, 0.012673569843173027, 0.006023783981800079, 0.006793634803034365, 0.009579222975298762, 0.007988962437957525, 0.0048174042720347645, 0.006092712143436074, 0.0049323998391628265, 0.007974688615649938, 0.005981143284589052, 0.0038405310129746794, 0.004223208921030164, 0.0022774764336645605, 0.004568881867453456, 0.0020844642305746673, 0.001945523772155866, 0.0019827305106446145, 0.0012120628729462624, 0.0010137518285773695, 0.0008639726031105966, 0.0006410073430743069, 0.0003794596006628126, 0.0003179444232955575, 0.00035222949227318166, 0.0003579038195312023, 0.0002234383107861504, 8.849483856465667e-05, 0.00014394195823115298, 5.80768748477567e-05, 4.137062351219356e-05, 3.5112535988446326e-05, 2.449598214298021e-05, 2.386558880971279e-05, 2.1276989718899132e-05, 2.007000621233601e-05, 1.9737240108952392e-05, 1.96203223822522e-05],