{
  "experiment": "SymAE Weight Space Learning",
  "device": "cuda:0",
  "zoo_size": 200,
  "weight_dim": 99722,
  "latent_dim": 32,
  "num_epochs": 100,
  "batch_size": 32,
  "hidden_size": 32,
  "methods": {
    "SymAE (GNN)": {
      "description": "GNN encoder with permutation symmetry handling + contrastive loss",
      "r2": 0.7862916082845532,
      "mae": 0.015978638634085655,
      "final_train_loss": 1.1613622307777405,
      "final_val_loss": 1.351428970694542,
      "mean_rec_error": 1.1882431909441948
    },
    "Flat MLP AE": {
      "description": "Flat MLP autoencoder on raw/normalized weight vectors",
      "r2": 0.47717858521316425,
      "mae": 0.028027001059055333,
      "final_train_loss": 0.38609921336174013,
      "final_val_loss": 1.718774750828743,
      "mean_rec_error": 1.1637918658554554
    },
    "PCA": {
      "description": "PCA on normalized weight vectors (32 components)",
      "r2": -0.44358490234977754,
      "mae": 0.03939590284526349,
      "explained_variance": 0.44265294075012207,
      "mean_rec_error": 0.4695011079311371
    },
    "Statistics": {
      "description": "Hand-crafted weight statistics features",
      "r2": 0.6447597839844479,
      "mae": 0.023185106814956353
    }
  },
  "model_zoo_stats": {
    "mean_accuracy": 0.36935500000000004,
    "std_accuracy": 0.04407299598393556,
    "min_accuracy": 0.149,
    "max_accuracy": 0.423
  }
}