{"train_loss": [2.015881133079529, 1.9979099988937379, 1.9899314165115356, 1.9756890535354614, 1.9508219480514526, 1.890476155281067, 1.843867588043213, 1.7522467374801636, 1.6691431045532226, 1.6023857116699218, 1.5632774353027343, 1.4870155572891235, 1.441599178314209, 1.4775486707687377, 1.4415558338165284, 1.3546050310134887, 1.3438655853271484, 1.3773474931716918, 1.3100239753723144, 1.2790053844451905, 1.3075078487396241, 1.4138712882995605, 1.3671982526779174, 1.6543542385101317, 1.5440268754959106, 1.5466335535049438, 1.4157920598983764, 1.307132935523987, 1.2975376844406128, 1.2746192932128906, 1.3189060688018799, 1.3217015504837035, 1.3955368518829345, 1.298610758781433, 1.2709628343582153, 1.251585054397583, 1.2558126211166383, 1.2672909498214722, 1.2693389654159546, 1.2891067028045655, 1.3024627685546875, 1.240583872795105, 1.23798748254776, 1.2352010250091552, 1.24715096950531, 1.2412516355514527, 1.2248465418815613, 1.2258834838867188, 1.2242544412612915, 1.2421370267868042, 1.2589508771896363, 1.2616386890411377, 1.2363140106201171, 1.2309945344924926, 1.2253968000411988, 1.2241912245750428, 1.2422527074813843, 1.2113556027412415, 1.2001761436462401, 1.1966240406036377, 1.1935689926147461, 1.1963422775268555, 1.1908175230026246, 1.2100960969924928, 1.1801383733749389, 1.2046321153640747, 1.191020655632019, 1.1901687383651733, 1.1845752000808716, 1.1820572137832641, 1.2127170085906982, 1.1870139360427856, 1.1929518938064576, 1.198111605644226, 1.1782378911972047, 1.18014657497406, 1.1791470527648926, 1.1762780666351318, 1.180046594142914, 1.1737695932388306, 1.1756429195404052, 1.170685386657715, 1.172682809829712, 1.1733938574790954, 1.169757103919983, 1.1695087194442748, 1.1678123593330383, 1.1649883270263672, 1.1657738208770752, 1.1714708089828492, 1.1640846133232117, 1.1647182822227478, 1.1639461040496826, 1.1737344861030579, 1.16725332736969, 1.1682272911071778, 1.1586019277572632, 1.1636304140090943, 1.163660430908203, 1.1613622307777405], "train_rec_loss": [0.9557677865028381, 0.9549067378044128, 0.954732072353363, 0.9545630574226379, 0.9544060707092286, 0.954252552986145, 0.9540666103363037, 0.9537161350250244, 0.9527161717414856, 0.9507381319999695, 0.9478145718574524, 0.9429726243019104, 0.9374376654624939, 0.9356981635093689, 0.9406282544136048, 0.93399738073349, 0.9327128410339356, 0.9308753848075867, 0.9278298377990722, 0.9309941291809082, 0.9326227903366089, 0.9323246121406555, 0.943417239189148, 0.9414950966835022, 0.9378983855247498, 0.9356911063194275, 0.9328380584716797, 0.9325933694839478, 0.9309864282608032, 0.9300416946411133, 0.9296364784240723, 0.9294607043266296, 0.9314028263092041, 0.931192409992218, 0.9283195972442627, 0.928791880607605, 0.9314779162406921, 0.9281519055366516, 0.9278089761734009, 0.9303882837295532, 0.9328690886497497, 0.92843257188797, 0.9277184844017029, 0.9278749465942383, 0.9273950695991516, 0.9273294091224671, 0.9268274903297424, 0.9265498876571655, 0.9275826811790466, 0.9283599972724914, 0.9281253576278686, 0.9290001630783081, 0.9271898984909057, 0.9283027529716492, 0.9264501333236694, 0.9264602541923523, 0.9253342270851135, 0.9260972261428833, 0.9253979921340942, 0.9255703091621399, 0.9252599239349365, 0.9256535410881043, 0.9240273356437683, 0.9252886772155762, 0.9242483854293824, 0.9243686318397522, 0.9243749499320983, 0.9237062454223632, 0.924424922466278, 0.9237464547157288, 0.9256402015686035, 0.9245313286781311, 0.9231748580932617, 0.9233378291130065, 0.9224082231521606, 0.9224897146224975, 0.9231433153152466, 0.9225168347358703, 0.9225215315818787, 0.9224185585975647, 0.9221271514892578, 0.9221375823020935, 0.9222363948822021, 0.9219272375106812, 0.9218114733695983, 0.9217714548110962, 0.9215303301811218, 0.9214692950248718, 0.9213836789131165, 0.9213629841804505, 0.9212737560272217, 0.9213497042655945, 0.9212898731231689, 0.9213041543960572, 0.9212720632553101, 0.9212705612182617, 0.921310544013977, 0.9213075160980224, 0.9213028430938721, 0.9213004469871521], "train_prop_loss": [0.8781700670719147, 0.8704848110675811, 0.8638718843460083, 0.8513094365596772, 0.8284601092338562, 0.7788038611412048, 0.7287609696388244, 0.6506236553192138, 0.5523180305957794, 0.49006319642066953, 0.4548068642616272, 0.3825683116912842, 0.35048643350601194, 0.3746702343225479, 0.3322620838880539, 0.2617166996002197, 0.25661181211471557, 0.29098354279994965, 0.22651738971471785, 0.18553850501775743, 0.2163422793149948, 0.3249774381518364, 0.26629588901996615, 0.5588525503873825, 0.4369719743728638, 0.44923399239778516, 0.32107418179512026, 0.21793962121009827, 0.2173648715019226, 0.1867699444293976, 0.23430671989917756, 0.24409101009368897, 0.3087959051132202, 0.21442108154296874, 0.19500530362129212, 0.17616416811943053, 0.1728774681687355, 0.1798797994852066, 0.18164282143115998, 0.21178577840328217, 0.2189879834651947, 0.16097461879253389, 0.167982879281044, 0.16028643548488616, 0.17685344815254211, 0.17354495227336883, 0.1568077862262726, 0.1594465345144272, 0.15456441342830657, 0.17438955903053283, 0.19203122556209565, 0.18340604603290558, 0.1736010417342186, 0.16150915622711182, 0.173633673787117, 0.1579787999391556, 0.1814092606306076, 0.1517339676618576, 0.13606416583061218, 0.14113984107971192, 0.14201878011226654, 0.13611601442098617, 0.1365661919116974, 0.15783765614032746, 0.1345084547996521, 0.1473724901676178, 0.136842343211174, 0.13809172660112382, 0.13424208462238313, 0.1289665088057518, 0.15542600750923158, 0.13425848335027696, 0.14106568843126296, 0.1468187727034092, 0.13033616840839385, 0.13216024190187453, 0.13452239334583282, 0.12824886441230773, 0.1343092605471611, 0.13121487349271774, 0.12826069593429565, 0.12669481784105302, 0.12666111588478088, 0.12708527743816375, 0.12407813370227813, 0.12415776997804642, 0.12296354323625565, 0.12280730605125427, 0.12373491823673248, 0.1255614623427391, 0.12476075738668442, 0.12280707359313965, 0.12265566438436508, 0.12225867062807083, 0.12207905650138855, 0.12191365510225297, 0.12173338979482651, 0.1216328501701355, 0.12162546366453171, 0.12158382833003997],