{
  "beta4": -0.0016308319213712914,
  "OR": 0.9983704971624044,
  "CI_lo": 0.986113406130352,
  "CI_hi": 1.010779940124401,
  "pval": 0.7958274089682285,
  "mcfadden_r2_baseline": NaN,
  "mcfadden_r2_proposed": NaN,
  "lrt_stat": 0.0670215112331789,
  "lrt_pval": 0.7957238706643385,
  "gate_passed": false
}