{
  "heterogeneity_metrics": {
    "d_n_range": 0.265,
    "d_n_iqr": 0.13989712732919257,
    "d_n_mean": 0.5162928096963424,
    "d_n_std": 0.08896749526224464,
    "d_n_quartiles": {
      "Q1": 0.4497767857142857,
      "Q2": 0.5263888888888889,
      "Q3": 0.5896739130434783
    },
    "entropy_range": 1.145132302803003,
    "entropy_mean": 2.6921325584631672,
    "entropy_std": 0.3317683404856166,
    "entropy_quartiles": {
      "Q1": 2.5649493561615375,
      "Q2": 2.770631770979213,
      "Q3": 2.87384307465566
    },
    "pass_criteria": false
  },
  "training_summary": {
    "best_val_loss": 0.6930901408195496,
    "total_epochs": 33
  },
  "gate_result": "FAIL"
}