{
  "hypothesis_id": "h-m2",
  "gate_pass": true,
  "gate_absolute_pass": true,
  "gate_relative_pass": true,
  "sensitivity_score": 7.343696221074425e-07,
  "sensitivity_gate_absolute": 0.1,
  "sensitivity_gate_relative": 0.3245,
  "flat_mlp_sensitivity_score": 0.649,
  "spearman_rho": 0.6806116097860122,
  "spearman_target": 0.1041,
  "param_count": 521953,
  "param_in_range": true,
  "n_pairs": 500,
  "pairs_sufficient": true,
  "channel_dim": 112,
  "n_layers": 3,
  "mean_equiv_L2": 2.678676160883242e-08,
  "mean_random_L2": 0.03647584739176091,
  "decile_scores": [
    3.811554286766806e-07,
    3.013402845235776e-07,
    7.066447331983144e-07,
    8.716393319238945e-07,
    1.0981543897141074e-06,
    2.058355530806317e-06,
    6.635259720505974e-07,
    1.1570239878925385e-06,
    4.1254551928664254e-07,
    1.2589188934754698e-06
  ],
  "timestamp": "2026-05-05T13:35:21.549048Z"
}