{
  "encoders": {
    "flat_mlp": {
      "mnist_cnn": {
        "rho": 0.16875849596149345,
        "ci_lower": 0.06865122303902353,
        "ci_upper": 0.2734057297430804,
        "param_count": 500706
      },
      "cifar10": {}
    },
    "deep_sets": {
      "mnist_cnn": {
        "rho": 0.44660783260848363,
        "ci_lower": 0.344313658295031,
        "ci_upper": 0.5436749193827966,
        "param_count": 471936
      },
      "cifar10": {}
    },
    "nfn": {
      "mnist_cnn": {
        "rho": 0.6806116097860121,
        "ci_lower": 0.6029737638498471,
        "ci_upper": 0.7479728498871211,
        "param_count": 521953
      },
      "cifar10": {}
    }
  },
  "delta_metrics": {
    "delta_rho_mnist": 0.5118531138245186,
    "ci_lower_mnist": 0.3813649051094956,
    "ci_upper_mnist": 0.638161499989718
  },
  "gate_results": {
    "p1_pass": true,
    "p2_pass": true,
    "p3_tier_analysis": {
      "low": 0.855866761053572,
      "low_n": 113,
      "mid": 0.31692593743871345,
      "mid_n": 113,
      "high": -0.31348795627938564,
      "high_n": 112
    }
  },
  "training_metadata": {
    "deep_sets_mnist": {
      "phi_hidden": 256,
      "param_count": 471936,
      "best_val_loss": 0.020334196970163084,
      "best_epoch": 39
    }
  },
  "tier_analysis": {
    "low": 0.855866761053572,
    "low_n": 113,
    "mid": 0.31692593743871345,
    "mid_n": 113,
    "high": -0.31348795627938564,
    "high_n": 112
  }
}