{
  "hypothesis_id": "h-m2",
  "run_timestamp": "2026-03-17T04:06:33.059929",
  "gate_pass": 0,
  "gate_type": "SHOULD_WORK",
  "n_significant": 0,
  "significant_datasets": [],
  "gate_details": {
    "gate_pass": 0,
    "n_significant": 0,
    "significant_datasets": [],
    "per_dataset": {
      "mmlu": {
        "p_one_tailed": 1.0,
        "q1_variance_ratio": 1.1798874139785767,
        "significant": 0
      },
      "truthfulqa": {
        "p_one_tailed": 1.0,
        "q1_variance_ratio": 0.6775776743888855,
        "significant": 0
      },
      "arc": {
        "p_one_tailed": 0.992362086397669,
        "q1_variance_ratio": 2.38634991645813,
        "significant": 0
      }
    }
  },
  "per_dataset": {
    "mmlu": {
      "dpo_quintile_variances": [
        0.7072939988551776,
        0.9964864472488859,
        1.1942174296257098,
        2.6114063658476727,
        3.3836627718965286
      ],
      "sft_quintile_variances": [
        0.22288836615042393,
        0.22504762174016318,
        0.2543576707445679,
        0.2938935732115335,
        0.28149890765496444
      ],
      "dpo_quintile_counts": [
        2766,
        2826,
        2815,
        2820,
        2815
      ],
      "sft_quintile_counts": [
        2555,
        2804,
        2975,
        2807,
        2901
      ],
      "dpo_kl_residualized": 1,
      "sft_kl_residualized": 1,
      "test": {
        "t_stat": -17.900992350375,
        "p_one_tailed": 1.0,
        "cohens_d": -0.4903886914253235,
        "q1_variance_ratio": 1.1798874139785767,
        "bootstrap_ci": [
          1.0019832849502563,
          1.386327862739563
        ]
      }
    },
    "truthfulqa": {
      "dpo_quintile_variances": [
        0.7490011947818409,
        0.8107963330907761,
        0.7038590041570695,
        1.3215616075884518,
        2.806904202482467
      ],
      "sft_quintile_variances": [
        0.4124317518600193,
        0.4487164618312354,
        0.3902568742389494,
        0.5440064001909553,
        0.7510618358132487
      ],
      "dpo_quintile_counts": [
        158,
        169,
        161,
        164,
        165
      ],
      "sft_quintile_counts": [
        149,
        169,
        171,
        159,
        169
      ],
      "dpo_kl_residualized": 1,
      "sft_kl_residualized": 1,
      "test": {
        "t_stat": -13.411681187394025,
        "p_one_tailed": 1.0,
        "cohens_d": -1.5358569622039795,
        "q1_variance_ratio": 0.6775776743888855,
        "bootstrap_ci": [
          0.4003847539424896,
          1.0804436206817627
        ]
      }
    },
    "arc": {
      "dpo_quintile_variances": [
        1.952247566872262,
        1.8404356181272015,
        2.125853889804857,
        3.698481521692434,
        3.9899374862258807
      ],
      "sft_quintile_variances": [
        0.2720254796740969,
        0.2216495113211792,
        0.22416984192515788,
        0.20820082361807854,
        0.2976100902583182
      ],
      "dpo_quintile_counts": [
        235,
        231,
        236,
        235,
        235
      ],
      "sft_quintile_counts": [
        233,
        234,
        223,
        245,
        237
      ],
      "dpo_kl_residualized": 1,
      "sft_kl_residualized": 1,
      "test": {
        "t_stat": -2.4362191439107925,
        "p_one_tailed": 0.992362086397669,
        "cohens_d": -0.2250334918498993,
        "q1_variance_ratio": 2.38634991645813,
        "bootstrap_ci": [
          1.567168116569519,
          3.5291459560394287
        ]
      }
    }
  },
  "ablation": {
    "mmlu": {
      "dpo_no_kl_q1_var": 1.3937695026397705,
      "sft_no_kl_q1_var": 1.181238055229187
    },
    "truthfulqa": {
      "dpo_no_kl_q1_var": 1.2379645109176636,
      "sft_no_kl_q1_var": 1.8263415098190308
    },
    "arc": {
      "dpo_no_kl_q1_var": 2.5477352142333984,
      "sft_no_kl_q1_var": 1.067589521408081
    }
  },
  "isotropic_sanity": {
    "quintile_variances": [
      0.2818140864903211,
      0.5326828719387386,
      0.32805308843088804,
      0.35666911074369906,
      0.34611919908401473
    ],
    "is_flat": true,
    "max_min_ratio": 1.8901924973755124
  },
  "mechanism_verification": {
    "activated": 1,
    "indicators": {
      "quintile_stratification_ok": 1,
      "variance_computed": 1,
      "kl_controlled": 1,
      "test_executed": 1
    }
  }
}