{
  "entropies": {
    "C0": 3.266232939630364,
    "C1": 3.270157263377717,
    "C2": 3.2528359946116394,
    "C3": 3.2274511722078687,
    "C4": 3.1106018912960467,
    "C5": 2.5373663939447937,
    "C6": 3.2208583499768997
  },
  "relative_change_pct": -22.4084290269279,
  "bootstrap_ci": {
    "low": -1.153983149379308,
    "high": -0.33032358640611414
  },
  "spearman": {
    "rho": -0.9999999999999999,
    "pvalue": 1.4042654220543672e-24
  },
  "relative_changes": {
    "C1\u2192C2": -0.5296769351143306,
    "C2\u2192C3": -0.7803904791333152,
    "C3\u2192C4": -3.6204817571844634,
    "C4\u2192C5": -18.428443027545764
  },
  "gate_passed": true,
  "gate_threshold_pct": 5.0,
  "n_configs_processed": 7,
  "figure_paths": [
    "/home/anonymous/YouRA_results_new_4/TEST_data_problems/docs/youra_research/20260315_data_problems/h-e1/figures/gate_metric_bar.png",
    "/home/anonymous/YouRA_results_new_4/TEST_data_problems/docs/youra_research/20260315_data_problems/h-e1/figures/monotonic_trend.png",
    "/home/anonymous/YouRA_results_new_4/TEST_data_problems/docs/youra_research/20260315_data_problems/h-e1/figures/demographic_heatmap.png",
    "/home/anonymous/YouRA_results_new_4/TEST_data_problems/docs/youra_research/20260315_data_problems/h-e1/figures/relative_change.png"
  ],
  "mechanism_check": {
    "n_configs_processed": 7,
    "entropies_differ": true,
    "gate_passed": true,
    "mechanism_activated": true
  }
}