{
  "config": {
    "model_name": "distilgpt2",
    "num_train_samples": 2000,
    "num_eval_samples": 200,
    "num_canary_samples": 80,
    "num_epochs": 3,
    "batch_size": 16,
    "num_clusters": 100,
    "signature_dim": 64,
    "lambda_fp": 0.01,
    "temperature": 0.07
  },
  "embedprint_history": {
    "train_loss": [
      3.4538269977569582,
      2.937291669845581,
      2.8354842319488527
    ],
    "train_lm_loss": [
      3.4058005237579345,
      2.89407181930542,
      2.7934431381225586
    ],
    "train_fp_loss": [
      4.80264794921875,
      4.3219853515625,
      4.2041103515625
    ],
    "eval_loss": [
      2.635365816263052,
      2.6281177630791297,
      2.631993633050185
    ],
    "eval_perplexity": [
      13.948414086694239,
      13.847680740882149,
      13.901456697822665
    ],
    "attribution_accuracy": [
      0.2625,
      0.425,
      0.45
    ],
    "epoch_times": [
      4.716179609298706,
      4.3173463344573975,
      4.3105385303497314
    ]
  },
  "baseline_history": {
    "train_loss": [
      3.4541707668304444,
      2.894111553192139,
      2.7941193084716796
    ],
    "eval_loss": [
      2.637686252593994,
      2.628554555085989,
      2.631130961271433
    ],
    "eval_perplexity": [
      13.98081807465576,
      13.853730618316172,
      13.889469474708859
    ],
    "epoch_times": [
      3.196269989013672,
      3.206401824951172,
      3.202650308609009
    ]
  },
  "attribution_results": {
    "EmbedPrint": {
      "precision@1": 0.0,
      "recall@1": 0.0,
      "precision@5": 0.32,
      "recall@5": 0.32,
      "precision@10": 0.48,
      "recall@10": 0.48,
      "precision@20": 0.56,
      "recall@20": 0.56,
      "mrr": 0.14023404502952944,
      "avg_latency_ms": 2.8462696075439453,
      "std_latency_ms": 0.24358333110351332,
      "throughput_qps": 351.33706144686096
    },
    "Embedding Similarity": {
      "precision@1": 0.9,
      "recall@1": 0.9,
      "precision@5": 1.0,
      "recall@5": 1.0,
      "precision@10": 1.0,
      "recall@10": 1.0,
      "precision@20": 1.0,
      "recall@20": 1.0,
      "mrr": 0.95,
      "avg_latency_ms": 0.48782825469970703,
      "throughput_qps": 2049.901764332144
    },
    "Random": {
      "precision@1": 0.02,
      "precision@5": 0.02,
      "precision@10": 0.08,
      "precision@20": 0.2,
      "mrr": 0.05292331798074863,
      "avg_latency_ms": 0.1,
      "throughput_qps": 10000.0
    }
  }
}