{
  "proposed": {
    "ece": 0.3370946546395619,
    "brier_score": 0.35053659371471496,
    "auroc": 0.5955555555555556,
    "auprc": 0.5592041101537669,
    "sharpness": 0.7740817328294118,
    "confidence_entropy": 0.3412200550995113,
    "selective_acc_80": 0.56,
    "selective_acc_90": 0.5,
    "average_correctness": 0.5
  },
  "constant": {
    "ece": 0.0,
    "brier_score": 0.25,
    "auroc": 0.5,
    "auprc": 0.5,
    "sharpness": 0.5,
    "confidence_entropy": 0.6931471605599454,
    "selective_acc_80": 0.56,
    "selective_acc_90": 0.5357142857142857,
    "average_correctness": 0.5
  },
  "majority_voting": {
    "ece": 0.2555555555555556,
    "brier_score": 0.3333333333333333,
    "auroc": 0.3911111111111112,
    "auprc": 0.45359477124183006,
    "sharpness": 0.27777777777777773,
    "confidence_entropy": 0.5615978337689727,
    "selective_acc_80": 0.48,
    "selective_acc_90": 0.5,
    "average_correctness": 0.5
  },
  "length_based": {
    "ece": 0.284998368944827,
    "brier_score": 0.27571195923122,
    "auroc": 0.56,
    "auprc": 0.5246998460281795,
    "sharpness": 0.43553474589270763,
    "confidence_entropy": 0.6053423332369474,
    "selective_acc_80": 0.56,
    "selective_acc_90": 0.5,
    "average_correctness": 0.5
  },
  "semantic_similarity": {
    "ece": 0.12631389300028487,
    "brier_score": 0.23985923147724814,
    "auroc": 0.6177777777777778,
    "auprc": 0.6640765160765161,
    "sharpness": 0.44383889039357505,
    "confidence_entropy": 0.6496395232712666,
    "selective_acc_80": 0.52,
    "selective_acc_90": 0.5,
    "average_correctness": 0.5
  },
  "uncertainty_estimator": {
    "ece": 0.09584218040070738,
    "brier_score": 0.23504364193114763,
    "auroc": 0.6266666666666667,
    "auprc": 0.6893277364302881,
    "sharpness": 0.4715293132585756,
    "confidence_entropy": 0.6762618265722786,
    "selective_acc_80": 0.52,
    "selective_acc_90": 0.5,
    "average_correctness": 0.5
  }
}