{
  "hypothesis": "h-m2",
  "gate_result": "PASS",
  "cv_per_epsilon": {
    "0.001": 0.5492695545288121,
    "0.01": 0.5437987194412125,
    "0.05": 0.5284034983743965,
    "0.1": 0.4837051263308642
  },
  "cv_pass_count": 4,
  "max_adjacent_tau": 0.9959677419354841,
  "adjacent_pair_results": {
    "0.001_vs_0.01": 0.9959677419354841,
    "0.01_vs_0.05": 0.9717741935483872,
    "0.05_vs_0.1": 0.9798387096774195
  },
  "tau_matrix": {
    "0.001_vs_0.01": {
      "tau": 0.9959677419354841,
      "p_value": 2.4322500831070362e-34
    },
    "0.001_vs_0.05": {
      "tau": 0.9677419354838711,
      "p_value": 4.466952310481906e-28
    },
    "0.001_vs_0.1": {
      "tau": 0.963709677419355,
      "p_value": 1.9618940296613213e-27
    },
    "0.01_vs_0.05": {
      "tau": 0.9717741935483872,
      "p_value": 9.261492223407084e-29
    },
    "0.01_vs_0.1": {
      "tau": 0.9596774193548389,
      "p_value": 7.940058848087338e-27
    },
    "0.05_vs_0.1": {
      "tau": 0.9798387096774195,
      "p_value": 2.8156943087088602e-30
    }
  },
  "cross_dist_tau": {
    "0.001": {
      "tau": 0.7903225806451614,
      "p_value": 1.3313680259795902e-13
    },
    "0.01": {
      "tau": 0.7862903225806454,
      "p_value": 2.033384114203408e-13
    },
    "0.05": {
      "tau": 0.7782258064516131,
      "p_value": 4.642919189957874e-13
    },
    "0.1": {
      "tau": 0.7822580645161291,
      "p_value": 3.0833313529049467e-13
    }
  },
  "failed_conditions": [],
  "sparsity_profiles": {
    "0.001": [
      0.005601159697107505,
      0.006626803435210604,
      0.005367924852180295,
      0.003686862222821219,
      0.0024666310928296298,
      0.0022485262670670636,
      0.0021280511646182276,
      0.0022273679423960857,
      0.0023628008566447534,
      0.002087451342958957,
      0.0022241535370994825,
      0.002370990925555816,
      0.002338747730391333,
      0.0021230792153801303,
      0.0017754862128640525,
      0.0016004297431209125,
      0.001777921477696509,
      0.001533744391053915,
      0.0017478317859058734,
      0.0018531167370383628,
      0.0017731057469063671,
      0.001696078721579397,
      0.0017364675277349306,
      0.0018171913725382183,
      0.0017609072911000112,
      0.0016717062644602265,
      0.0015617319695593324,
      0.001473931930377148,
      0.001356887565634679,
      0.0014155026074149646,
      0.0014137647613097215,
      0.001124098411310115
    ],
    "0.01": [
      0.05488761735614389,
      0.06559429655317217,
      0.053335140575654805,
      0.037322828313335776,
      0.02449425548547879,
      0.022407643002225086,
      0.021380852645961568,
      0.02213132509496063,
      0.02352817408973351,
      0.020807253546081483,
      0.022117211046861485,
      0.023651095281820744,
      0.02331993999541737,
      0.021197434631176293,
      0.01775327665382065,
      0.015993978799087927,
      0.017771005863323808,
      0.015294691998860799,
      0.017405435646651313,
      0.018473336793249473,
      0.017727625410770997,
      0.01697969948872924,
      0.017438351758755744,
      0.01820406346814707,
      0.01753067920799367,
      0.016664292925270274,
      0.015543141402304173,
      0.014753033421584405,
      0.013565552464569919,
      0.014176189244608395,
      0.01408833678578958,
      0.011226679343963042
    ],
    "0.05": [
      0.2614505623932928,
      0.31741315219551325,
      0.2631336045451462,
      0.18511541280895472,
      0.12164813803974539,
      0.10959681670647115,
      0.10748199408408254,
      0.11210776667576283,
      0.1172101073898375,
      0.1032745772972703,
      0.1096748533891514,
      0.11704017594456673,
      0.11492312548216432,
      0.10575663577765226,
      0.08795961237046868,
      0.07999330922029912,
      0.08906465687323362,
      0.07427258440293372,
      0.08661366056185216,
      0.09217992937192321,
      0.08815938082989305,
      0.0854420232353732,
      0.0872863286640495,
      0.09090408496558666,
      0.08707126718945801,
      0.08317077590618283,
      0.07700076256878674,
      0.07445812749210745,
      0.06767958716955036,
      0.07077771937474608,
      0.06906138267368078,
      0.0561627586139366
    ],
    "0.1": [
      0.4706463976763189,
      0.5829762788489461,
      0.4917098078876734,
      0.36160978814586997,
      0.2447152368258685,
      0.2187940808944404,
      0.2142532248981297,
      0.2243064814247191,
      0.23246653098613024,
      0.2076802011579275,
      0.2188316301908344,
      0.23025426594540477,
      0.22465377068147063,
      0.2104593412950635,
      0.17389502096921206,
      0.15979093336500227,
      0.1789393238723278,
      0.14799998817034066,
      0.1741172259207815,
      0.1846908563748002,
      0.1771351587958634,
      0.17172713577747345,
      0.17351507348939776,
      0.18152268277481198,
      0.17436462780460715,
      0.16624767193570733,
      0.15163581585511565,
      0.14903180114924908,
      0.13554929243400693,
      0.14095350075513124,
      0.13448987691663206,
      0.11211769049987197
    ]
  }
}