{
  "timestamp": "2026-03-17T15:18:51.110745",
  "hypothesis_id": "h-m-integrated",
  "dataset": {
    "name": "Anthropic/hh-rlhf",
    "total_pairs": 169352,
    "splits": {
      "train": 160800,
      "test": 8552
    }
  },
  "primary_gate": {
    "cohens_d": -0.018102573898843663,
    "t_statistic": -7.449643564489766,
    "p_value": 9.40344386912305e-14,
    "threshold_d": 0.15,
    "threshold_p": 0.05,
    "passed": false
  },
  "secondary_gate": {
    "cronbach_alpha": 0.4200317931604557,
    "mean_correlation": 0.28609458469060517,
    "threshold": 0.7,
    "passed": false
  },
  "tertiary_gate": {
    "split_results": {
      "train": {
        "cohens_d": -0.01870185359559465,
        "p_value": 6.442795475582658e-14,
        "t_stat": -7.499419972777755,
        "n_pairs": 160800,
        "passed": false
      },
      "test": {
        "cohens_d": -0.006685420749768626,
        "p_value": 0.5364284610627226,
        "t_stat": -0.618247816286874,
        "n_pairs": 8552,
        "passed": false
      }
    },
    "passing_count": 0,
    "total_splits": 2,
    "min_passing": 2,
    "passed": false
  },
  "overall_gate_result": "FAIL",
  "descriptive_stats": {
    "chosen_mean_modal": 2.8939113751898113,
    "rejected_mean_modal": 2.9277220259285874,
    "chosen_std_modal": 2.2211165640965915,
    "rejected_std_modal": 2.2570639154429033,
    "difference_mean": -0.03381065073877611,
    "difference_std": 1.8677206403888233
  },
  "runtime_seconds": 21762.500725
}