{
  "experiment": "H-E1 Cross-Dimensional Trustworthiness Effects",
  "config": {
    "dimensions": [
      "truthfulness",
      "fairness",
      "robustness"
    ],
    "num_replicates": 3,
    "target_dimension": "truthfulness",
    "seeds": [
      42,
      43,
      44
    ]
  },
  "baseline_scores": {
    "truthfulness": 0.65,
    "fairness": 0.7,
    "robustness": 0.6
  },
  "intervention_results": {
    "replicate_0": {
      "truthfulness": 0.7599342830602247,
      "fairness": 0.7599342830602247,
      "robustness": 0.5799342830602247
    },
    "replicate_1": {
      "truthfulness": 0.7551479985068938,
      "fairness": 0.7551479985068938,
      "robustness": 0.5751479985068938
    },
    "replicate_2": {
      "truthfulness": 0.7349877056548826,
      "fairness": 0.7349877056548826,
      "robustness": 0.5549877056548825
    }
  },
  "deltas": {
    "truthfulness": [
      0.10993428306022468,
      0.10514799850689382,
      0.08498770565488256
    ],
    "fairness": [
      0.05993428306022475,
      0.05514799850689389,
      0.03498770565488263
    ],
    "robustness": [
      -0.020065716939775324,
      -0.02485200149310618,
      -0.04501229434511744
    ]
  },
  "correlation_results": {
    "correlations": {
      "truthfulness_vs_fairness": {
        "rho": 1.0,
        "p_value": 0.0,
        "significant": true,
        "n": 3
      },
      "truthfulness_vs_robustness": {
        "rho": 1.0,
        "p_value": 0.0,
        "significant": true,
        "n": 3
      },
      "fairness_vs_robustness": {
        "rho": 1.0,
        "p_value": 0.0,
        "significant": true,
        "n": 3
      }
    },
    "significant_pairs": [
      "truthfulness_vs_fairness",
      "truthfulness_vs_robustness",
      "fairness_vs_robustness"
    ],
    "summary": {
      "total_pairs": 3,
      "significant_pairs": 3,
      "significance_rate": 1.0
    }
  },
  "gate_evaluation": {
    "threshold": "\u226580% configurations show |\u03c1| > 0 with p<0.01",
    "actual_rate": 1.0,
    "status": "PASS",
    "passed": true
  }
}