{
  "p_value": 8.632635026023283e-28,
  "cohens_d": 0.7652115166609299,
  "ci_95": [
    0.15525572938417673,
    0.2263224997024108
  ],
  "within_mean": 7.60572884608358,
  "between_mean": 7.795436206049732,
  "within_std": 0.35408950241997916,
  "between_std": 0.020804299649294082,
  "within_n": 380,
  "between_n": 400,
  "effect_direction": "within < between",
  "passed": true,
  "gate_criteria": {
    "p_threshold": 0.05,
    "cohens_d_threshold": 0.5
  }
}