{
  "passed": false,
  "threshold": 0.8,
  "best_layer": "down_proj",
  "max_d": 0.782763474349854,
  "max_d_ci": [
    0.6988624271182148,
    0.8690237760362318
  ],
  "layers_above_threshold": [],
  "n_layers_above": 0,
  "all_layer_d_values": {
    "down_proj": 0.782763474349854,
    "o_proj": 0.771811893127511,
    "v_proj": 0.7597398348374595,
    "k_proj": 0.7585286457025427,
    "up_proj": 0.7561931123759418,
    "gate_proj": 0.7489788922749114,
    "q_proj": 0.74500793969274
  }
}