{
  "gate_result": "PARTIAL",
  "delta_ast": 0.07499999999999996,
  "ci_lower": -0.025000000000000022,
  "ci_upper": 0.21999999999999997,
  "p_value": 0.1186,
  "constraint_active_rate": 0.0,
  "syntax_shift": 0.07499999999999996,
  "transition_count": 2,
  "n_problems": 20
}