{
  "comparison": {
    "groups": [
      "Minority",
      "Majority"
    ],
    "alignments": [
      8.790035517873082e-07,
      1.0072344784006197e-06
    ]
  },
  "per_group": {
    "group_ids": [
      0,
      1,
      2,
      3
    ],
    "alignments": [
      1.1875594227516611e-06,
      1.0627367423571162e-06,
      1.2483921104526455e-06,
      1.2359471706625637e-06
    ],
    "labels": [
      "Landbirds/Land (Maj)",
      "Landbirds/Water (Min)",
      "Waterbirds/Land (Min)",
      "Waterbirds/Water (Maj)"
    ]
  }
}