{
  "model": "Qwen/Qwen2.5-0.5B-Instruct",
  "num_problems": 20,
  "seed": 42,
  "lambda_steering": 0.5,
  "num_beams": 3,
  "reward_model_losses": [
    0.1576866796616135,
    0.1471903874725046,
    0.16665477553587835,
    0.1627560308705745,
    0.1073470781205496,
    0.06701338006801343,
    0.06518240990924899,
    0.059331522707815866,
    0.05723631496150434,
    0.054462951796405284,
    0.059719774478077275,
    0.058861426623559955,
    0.055692573983092374,
    0.056949193179199935,
    0.056819152620786934
  ],
  "timing": {
    "standard_greedy": 63.01004886627197,
    "multiple_sampling": 87.95551419258118,
    "post_hoc_repair": 135.02505612373352,
    "exec_only_steering": 79.17703795433044,
    "smt_only_steering": 80.01492071151733,
    "execguide": 130.20832896232605
  },
  "ior": 2.066484120721644,
  "scr": {
    "standard_greedy": 0.25,
    "multiple_sampling": 0.35,
    "post_hoc_repair": 0.15,
    "exec_only_steering": 0.55,
    "smt_only_steering": 0.3,
    "execguide": 0.45
  },
  "results": {
    "standard_greedy": {
      "method": "Standard Greedy",
      "pass_at_1": 0.25,
      "fpc": 0.25,
      "avg_time": 3.1504603385925294,
      "total_pass": 5,
      "total_problems": 20
    },
    "multiple_sampling": {
      "method": "Multiple Sampling",
      "pass_at_1": 0.35,
      "fpc": 0.35,
      "avg_time": 4.397735035419464,
      "total_pass": 7,
      "total_problems": 20
    },
    "post_hoc_repair": {
      "method": "Post-hoc Repair",
      "pass_at_1": 0.15,
      "fpc": 0.15,
      "avg_time": 6.751213431358337,
      "total_pass": 3,
      "total_problems": 20
    },
    "exec_only_steering": {
      "method": "Exec-Only Steering",
      "pass_at_1": 0.55,
      "fpc": 0.55,
      "avg_time": 3.958814227581024,
      "total_pass": 11,
      "total_problems": 20
    },
    "smt_only_steering": {
      "method": "SMT-Only Steering",
      "pass_at_1": 0.3,
      "fpc": 0.3,
      "avg_time": 4.000708639621735,
      "total_pass": 6,
      "total_problems": 20
    },
    "execguide": {
      "method": "ExecGuide",
      "pass_at_1": 0.45,
      "fpc": 0.45,
      "avg_time": 6.510376262664795,
      "total_pass": 9,
      "total_problems": 20
    }
  },
  "ablation": {
    "0.0": {
      "lambda": 0.0,
      "pass_at_1": 0.6,
      "avg_time": 9.068147945404053
    },
    "0.25": {
      "lambda": 0.25,
      "pass_at_1": 0.4,
      "avg_time": 8.764603114128112
    },
    "0.5": {
      "lambda": 0.5,
      "pass_at_1": 0.7,
      "avg_time": 7.897761988639831
    },
    "1.0": {
      "lambda": 1.0,
      "pass_at_1": 0.7,
      "avg_time": 7.845224905014038
    },
    "2.0": {
      "lambda": 2.0,
      "pass_at_1": 0.5,
      "avg_time": 8.623663020133971
    }
  },
  "ablation_labels": {
    "0.0": "0.0",
    "0.25": "0.25",
    "0.5": "0.5",
    "1.0": "1.0",
    "2.0": "2.0"
  }
}