{
  "hypothesis_id": "h-e1",
  "timestamp": "2026-03-16T11:59:13.461161",
  "gate_result": {
    "pass_gate": true,
    "flat_mlp_delta_rho": 0.15953629287607834,
    "nft_delta_rho": 4.090445694659994e-06,
    "flat_threshold_met": true,
    "nft_threshold_met": true,
    "flat_mlp_p_corrected": 0.0,
    "nft_p_corrected": 0.4768,
    "gate_criteria": {
      "flat_mlp_threshold": 0.1,
      "nft_threshold": 0.02,
      "significance_threshold": 0.05
    }
  },
  "flat_mlp": {
    "delta_rho": 0.15953629287607834,
    "rho_by_severity": {
      "0.0": 0.3029223580142225,
      "0.25": 0.2704289668167177,
      "0.5": 0.19454252447099402,
      "1.0": 0.14338606513814417
    },
    "p_value_raw": 0.0,
    "p_value_corrected": 0.0,
    "train_loss_final": 6.346714387958249e-05,
    "n_epochs": 50
  },
  "nft": {
    "delta_rho": 4.090445694659994e-06,
    "rho_by_severity": {
      "0.0": 0.48864278147336576,
      "0.25": 0.48864364076403793,
      "0.5": 0.4886439183548307,
      "1.0": 0.4886386910276711
    },
    "p_value_raw": 0.4768,
    "p_value_corrected": 0.4768,
    "train_loss_final": 4.954722520778887e-05,
    "n_epochs": 50
  },
  "mechanism_verified": true,
  "mechanism_indicators": {
    "tokens_shaped_correctly": true,
    "permutation_changes_output": true,
    "nft_more_robust": true
  },
  "config": {
    "n_epochs": 50,
    "seed": 42,
    "device": "cuda",
    "input_dim": 4912,
    "layer_fan_ins": [
      16,
      16,
      16,
      16
    ],
    "severity_levels": [
      0.0,
      0.25,
      0.5,
      1.0
    ]
  }
}