{
  "hypothesis_id": "h-e1",
  "dataset": "waterbirds",
  "gate_pass": true,
  "window_fraction": 0.13333333333333333,
  "p_value": 0.021908556266242545,
  "t_stat": 4.618802153517006,
  "gap_area": {
    "mean": 0.04027777777777782,
    "ci_95_low": -0.011818967883041473,
    "ci_95_high": 0.09237452343859712
  },
  "t_star_mean": 4.0,
  "t_star_std": 1.632993161855452,
  "window_start_epoch": 2,
  "window_end_epoch": 4,
  "gate": {
    "pass": true,
    "window_fraction": 0.13333333333333333,
    "p_value": 0.021908556266242545,
    "gate": "MUST_WORK",
    "decision": "PASS",
    "criteria": {
      "min_window_fraction": 0.1,
      "p_threshold": 0.05
    }
  },
  "per_seed": [
    {
      "seed": 1,
      "window_fraction": 0.26666666666666666,
      "gap_area": 0.06250000000000011,
      "t_star": 6,
      "delta_curve": [
        0.02083333333333337,
        0.025000000000000022,
        0.008333333333333304,
        0.008333333333333415,
        -0.008333333333333304,
        0.0,
        0.0,
        -0.004166666666666652,
        -0.01666666666666672,
        -0.004166666666666652,
        -0.004166666666666652,
        -0.008333333333333304,
        -0.01666666666666672,
        0.0,
        -0.016666666666666607
      ],
      "spurious_curve": [
        0.9291666666666667,
        0.9416666666666667,
        0.9208333333333333,
        0.9291666666666667,
        0.925,
        0.9291666666666667,
        0.9291666666666667,
        0.9291666666666667,
        0.9375,
        0.9291666666666667,
        0.9333333333333333,
        0.9333333333333333,
        0.9208333333333333,
        0.9333333333333333,
        0.925
      ],
      "core_curve": [
        0.9083333333333333,
        0.9166666666666666,
        0.9125,
        0.9208333333333333,
        0.9333333333333333,
        0.9291666666666667,
        0.9291666666666667,
        0.9333333333333333,
        0.9541666666666667,
        0.9333333333333333,
        0.9375,
        0.9416666666666667,
        0.9375,
        0.9333333333333333,
        0.9416666666666667
      ],
      "epochs": [
        2,
        4,
        6,
        8,
        10,
        12,
        14,
        16,
        18,
        20,
        22,
        24,
        26,
        28,
        30
      ]
    },
    {
      "seed": 2,
      "window_fraction": 0.06666666666666667,
      "gap_area": 0.03749999999999998,
      "t_star": 4,
      "delta_curve": [
        0.033333333333333326,
        0.0,
        -0.004166666666666763,
        0.004166666666666652,
        -0.025000000000000022,
        -0.01666666666666672,
        -0.02083333333333337,
        -0.029166666666666674,
        -0.02083333333333337,
        -0.02083333333333337,
        -0.033333333333333326,
        -0.03749999999999998,
        -0.03333333333333344,
        -0.033333333333333326,
        -0.01666666666666672
      ],
      "spurious_curve": [
        0.9208333333333333,
        0.9125,
        0.9208333333333333,
        0.9333333333333333,
        0.9125,
        0.9208333333333333,
        0.9166666666666666,
        0.9166666666666666,
        0.9166666666666666,
        0.9166666666666666,
        0.9125,
        0.9125,
        0.9208333333333333,
        0.9166666666666666,
        0.9208333333333333
      ],
      "core_curve": [
        0.8875,
        0.9125,
        0.925,
        0.9291666666666667,
        0.9375,
        0.9375,
        0.9375,
        0.9458333333333333,
        0.9375,
        0.9375,
        0.9458333333333333,
        0.95,
        0.9541666666666667,
        0.95,
        0.9375
      ],
      "epochs": [
        2,
        4,
        6,
        8,
        10,
        12,
        14,
        16,
        18,
        20,
        22,
        24,
        26,
        28,
        30
      ]
    },
    {
      "seed": 3,
      "window_fraction": 0.13333333333333333,
      "gap_area": 0.02083333333333337,
      "t_star": 2,
      "delta_curve": [
        0.01666666666666672,
        0.004166666666666652,
        -0.012500000000000067,
        -0.008333333333333415,
        -0.02499999999999991,
        -0.033333333333333326,
        -0.033333333333333326,
        -0.03750000000000009,
        -0.029166666666666674,
        -0.04166666666666674,
        -0.03333333333333344,
        -0.03749999999999998,
        -0.04166666666666674,
        -0.04166666666666674,
        -0.04583333333333339
      ],
      "spurious_curve": [
        0.9291666666666667,
        0.9166666666666666,
        0.9208333333333333,
        0.9166666666666666,
        0.925,
        0.925,
        0.925,
        0.9166666666666666,
        0.925,
        0.9166666666666666,
        0.9208333333333333,
        0.9125,
        0.9166666666666666,
        0.9208333333333333,
        0.9166666666666666
      ],
      "core_curve": [
        0.9125,
        0.9125,
        0.9333333333333333,
        0.925,
        0.95,
        0.9583333333333334,
        0.9583333333333334,
        0.9541666666666667,
        0.9541666666666667,
        0.9583333333333334,
        0.9541666666666667,
        0.95,
        0.9583333333333334,
        0.9625,
        0.9625
      ],
      "epochs": [
        2,
        4,
        6,
        8,
        10,
        12,
        14,
        16,
        18,
        20,
        22,
        24,
        26,
        28,
        30
      ]
    }
  ]
}