{
  "hypothesis_id": "h-m1",
  "execution_mode": "UNATTENDED",
  "status": "completed",
  "poc_strategy": "Pile column from validated H-E1 wimbd data; C4/RedPajama from MinHash LSH on 10% streaming sample (fallback per config.sample_fraction=0.1)",
  "gate": {
    "type": "MUST_WORK",
    "threshold": 0.05,
    "pass": true,
    "p_value": 0.00015794450354763556
  },
  "metrics": {
    "kruskal_wallis_H": 17.506533660014206,
    "kruskal_wallis_p": 0.00015794450354763556,
    "gate_pass": true,
    "max_pair_diff_pp": 2.4822797768062705,
    "corpus_means": {
      "pile": 0.06532325539518134,
      "c4": 0.04050045762711864,
      "redpajama": 0.05748440677966101
    },
    "wimbd_spearman_rho": 0.720700395867014,
    "wimbd_spearman_p": 0.00015460354452043917,
    "sensitivity_spearman_rho": {
      "pile": 0.9947835244883748,
      "c4": 0.9963323942532949,
      "redpajama": 0.9945497328257451
    },
    "sensitivity_conclusion": "Rankings robust"
  },
  "dunn_posthoc": {
    "matrix": [
      [1.0, 0.00015571569038399082, 0.8099220355920068],
      [0.00015571569038399082, 1.0, 0.009727672108333524],
      [0.8099220355920068, 0.009727672108333524, 1.0]
    ],
    "labels": ["pile", "c4", "redpajama"],
    "interpretation": "Pile vs C4 highly significant (p=0.000156); C4 vs RedPajama significant (p=0.0097); Pile vs RedPajama not significant (p=0.810)"
  },
  "corpus_comparison": {
    "pile_mean_pct": 6.53,
    "c4_mean_pct": 4.05,
    "redpajama_mean_pct": 5.75,
    "pile_vs_c4_diff_pp": 2.48,
    "pile_vs_rp_diff_pp": 0.78,
    "c4_vs_rp_diff_pp": 1.70,
    "interpretation": "The Pile has highest contamination (6.53%), C4 lowest (4.05%), RedPajama intermediate (5.75%). C4 quality filtering accounts for 38% reduction vs Pile."
  },
  "c4_sampled": true,
  "rp_sampled": true,
  "completed_at": "2026-05-04T04:29:35.185674+00:00"
}
