{
  "timestamp": "2026-03-18T09:14:08.797749+00:00",
  "models": {
    "llama3_8b": {
      "coverage": {
        "humaneval": 1.0,
        "mbpp": 1.0,
        "combined": 1.0
      },
      "stats": {
        "mean": 0.30996309963099633,
        "std": 0.3309557870104494,
        "min": 0.0,
        "max": 1.0,
        "histogram_6pt": {
          "0.0": 228,
          "0.2": 79,
          "0.4": 68,
          "0.6": 75,
          "0.8": 60,
          "1.0": 32
        },
        "non_trivial": true
      },
      "gate": {
        "gate_pass": true,
        "checks": [
          "coverage=1.0000 >= 0.95: PASS",
          "non_trivial (std=0.3310 > 0): PASS"
        ],
        "partial": false,
        "coverage_combined": 1.0,
        "std": 0.3309557870104494
      }
    },
    "codellama_7b": {
      "coverage": {
        "humaneval": 1.0,
        "mbpp": 1.0,
        "combined": 1.0
      },
      "stats": {
        "mean": 0.12287822878228781,
        "std": 0.19484268402645763,
        "min": 0.0,
        "max": 1.0,
        "histogram_6pt": {
          "0.0": 341,
          "0.2": 117,
          "0.4": 47,
          "0.6": 28,
          "0.8": 7,
          "1.0": 2
        },
        "non_trivial": true
      },
      "gate": {
        "gate_pass": true,
        "checks": [
          "coverage=1.0000 >= 0.95: PASS",
          "non_trivial (std=0.1948 > 0): PASS"
        ],
        "partial": false,
        "coverage_combined": 1.0,
        "std": 0.19484268402645763
      }
    },
    "deepseek_6.7b": {
      "coverage": {
        "humaneval": 1.0,
        "mbpp": 1.0,
        "combined": 1.0
      },
      "stats": {
        "mean": 0.38081180811808124,
        "std": 0.34502377800413064,
        "min": 0.0,
        "max": 1.0,
        "histogram_6pt": {
          "0.0": 173,
          "0.2": 86,
          "0.4": 83,
          "0.6": 70,
          "0.8": 80,
          "1.0": 50
        },
        "non_trivial": true
      },
      "gate": {
        "gate_pass": true,
        "checks": [
          "coverage=1.0000 >= 0.95: PASS",
          "non_trivial (std=0.3450 > 0): PASS"
        ],
        "partial": false,
        "coverage_combined": 1.0,
        "std": 0.34502377800413064
      }
    }
  },
  "overall_gate_pass": true
}