{
  "none": {
    "method": "none",
    "retention_rates": [
      1.0,
      1.0,
      1.0,
      1.0,
      1.0,
      1.0,
      1.0,
      1.0,
      1.0,
      1.0,
      1.0,
      1.0,
      1.0,
      1.0,
      1.0,
      1.0,
      1.0,
      1.0,
      1.0,
      1.0,
      1.0,
      1.0,
      1.0,
      1.0,
      1.0,
      1.0,
      1.0,
      1.0,
      1.0,
      1.0,
      1.0,
      1.0,
      1.0,
      1.0,
      1.0,
      1.0,
      1.0,
      1.0,
      1.0,
      1.0,
      1.0,
      1.0,
      1.0,
      1.0,
      1.0,
      1.0,
      1.0,
      1.0,
      1.0,
      1.0
    ],
    "latencies": [
      0.02242732048034668,
      0.021991491317749023,
      0.021138429641723633,
      0.021308183670043945,
      0.021256208419799805,
      0.021435022354125977,
      0.021307945251464844,
      0.02173590660095215,
      0.020359039306640625,
      0.02036452293395996,
      0.020313024520874023,
      0.020495176315307617,
      0.02031087875366211,
      0.020411252975463867,
      0.02030348777770996,
      0.02060413360595703,
      0.020218372344970703,
      0.02039480209350586,
      0.020255088806152344,
      0.020484209060668945,
      0.020180463790893555,
      0.020364999771118164,
      0.020232439041137695,
      0.020437240600585938,
      0.020318269729614258,
      0.02038264274597168,
      0.020342111587524414,
      0.020460128784179688,
      0.020352602005004883,
      0.020370006561279297,
      0.020319223403930664,
      0.02053070068359375,
      0.020311832427978516,
      0.020343303680419922,
      0.020231008529663086,
      0.02034759521484375,
      0.02035212516784668,
      0.02112293243408203,
      0.020269155502319336,
      0.02026200294494629,
      0.020339488983154297,
      0.020246505737304688,
      0.020346879959106445,
      0.02017498016357422,
      0.02031993865966797,
      0.02023172378540039,
      0.02024531364440918,
      0.020237207412719727,
      0.02048325538635254,
      0.02026963233947754
    ],
    "memory_usage": [
      6.0,
      6.0,
      6.0,
      6.0,
      6.0,
      6.0,
      6.0,
      6.0,
      6.0,
      6.0,
      6.0,
      6.0,
      6.0,
      6.0,
      6.0,
      6.0,
      6.0,
      6.0,
      6.0,
      6.0,
      6.0,
      6.0,
      6.0,
      6.0,
      6.0,
      6.0,
      6.0,
      6.0,
      6.0,
      6.0,
      6.0,
      6.0,
      6.0,
      6.0,
      6.0,
      6.0,
      6.0,
      6.0,
      6.0,
      6.0,
      6.0,
      6.0,
      6.0,
      6.0,
      6.0,
      6.0,
      6.0,
      6.0,
      6.0,
      6.0
    ],
    "avg_retention_rate": 1.0,
    "avg_latency": 0.020550804138183595,
    "avg_memory_mb": 6.0,
    "std_retention_rate": 0.0,
    "std_latency": 0.0004968234254955319,
    "cache_reduction": 0.0
  },
  "static": {
    "method": "static",
    "retention_rates": [
      0.5,
      0.5,
      0.5,
      0.5,
      0.5,
      0.5,
      0.5,
      0.5,
      0.5,
      0.5,
      0.5,
      0.5,
      0.5,
      0.5,
      0.5,
      0.5,
      0.5,
      0.5,
      0.5,
      0.5,
      0.5,
      0.5,
      0.5,
      0.5,
      0.5,
      0.5,
      0.5,
      0.5,
      0.5,
      0.5,
      0.5,
      0.5,
      0.5,
      0.5,
      0.5,
      0.5,
      0.5,
      0.5,
      0.5,
      0.5,
      0.5,
      0.5,
      0.5,
      0.5,
      0.5,
      0.5,
      0.5,
      0.5,
      0.5,
      0.5
    ],
    "latencies": [
      0.023107290267944336,
      0.021596193313598633,
      0.021242380142211914,
      0.02135300636291504,
      0.021318674087524414,
      0.021378755569458008,
      0.02137589454650879,
      0.020673513412475586,
      0.020411014556884766,
      0.020440101623535156,
      0.020328044891357422,
      0.020363330841064453,
      0.0203397274017334,
      0.020357847213745117,
      0.02036881446838379,
      0.0204927921295166,
      0.020411014556884766,
      0.020454883575439453,
      0.02035832405090332,
      0.02048015594482422,
      0.02032780647277832,
      0.02043437957763672,
      0.020300626754760742,
      0.020505666732788086,
      0.02039504051208496,
      0.020490646362304688,
      0.02039504051208496,
      0.02055811882019043,
      0.020359277725219727,
      0.02036452293395996,
      0.020303010940551758,
      0.020535945892333984,
      0.020294189453125,
      0.020570755004882812,
      0.0204622745513916,
      0.0205843448638916,
      0.020319700241088867,
      0.020533323287963867,
      0.0203397274017334,
      0.02045607566833496,
      0.020222187042236328,
      0.020306110382080078,
      0.020316362380981445,
      0.02045917510986328,
      0.020267963409423828,
      0.020392179489135742,
      0.020377397537231445,
      0.020449399948120117,
      0.020292997360229492,
      0.020293474197387695
    ],
    "memory_usage": [
      3.0,
      3.0,
      3.0,
      3.0,
      3.0,
      3.0,
      3.0,
      3.0,
      3.0,
      3.0,
      3.0,
      3.0,
      3.0,
      3.0,
      3.0,
      3.0,
      3.0,
      3.0,
      3.0,
      3.0,
      3.0,
      3.0,
      3.0,
      3.0,
      3.0,
      3.0,
      3.0,
      3.0,
      3.0,
      3.0,
      3.0,
      3.0,
      3.0,
      3.0,
      3.0,
      3.0,
      3.0,
      3.0,
      3.0,
      3.0,
      3.0,
      3.0,
      3.0,
      3.0,
      3.0,
      3.0,
      3.0,
      3.0,
      3.0,
      3.0
    ],
    "avg_retention_rate": 0.5,
    "avg_latency": 0.020575189590454103,
    "avg_memory_mb": 3.0,
    "std_retention_rate": 0.0,
    "std_latency": 0.0004899406780240383,
    "cache_reduction": 0.5
  },
  "attention": {
    "method": "attention",
    "retention_rates": [
      0.5,
      0.5,
      0.5,
      0.5,
      0.5,
      0.5,
      0.5,
      0.5,
      0.5,
      0.5,
      0.5,
      0.5,
      0.5,
      0.5,
      0.5,
      0.5,
      0.5,
      0.5,
      0.5,
      0.5,
      0.5,
      0.5,
      0.5,
      0.5,
      0.5,
      0.5,
      0.5,
      0.5,
      0.5,
      0.5,
      0.5,
      0.5,
      0.5,
      0.5,
      0.5,
      0.5,
      0.5,
      0.5,
      0.5,
      0.5,
      0.5,
      0.5,
      0.5,
      0.5,
      0.5,
      0.5,
      0.5,
      0.5,
      0.5,
      0.5
    ],
    "latencies": [
      0.09000825881958008,
      0.04396510124206543,
      0.04316520690917969,
      0.04294085502624512,
      0.042936086654663086,
      0.04277610778808594,
      0.042806148529052734,
      0.04166579246520996,
      0.041452884674072266,
      0.041411638259887695,
      0.0412595272064209,
      0.04131674766540527,
      0.04147696495056152,
      0.04144906997680664,
      0.04127955436706543,
      0.04131340980529785,
      0.04129433631896973,
      0.04148697853088379,
      0.0414121150970459,
      0.0413665771484375,
      0.0412898063659668,
      0.04137396812438965,
      0.0413975715637207,
      0.04153704643249512,
      0.04127025604248047,
      0.04133248329162598,
      0.0413053035736084,
      0.04145669937133789,
      0.04140043258666992,
      0.04137420654296875,
      0.041259765625,
      0.041429758071899414,
      0.04145503044128418,
      0.04144620895385742,
      0.041290283203125,
      0.04138636589050293,
      0.04139137268066406,
      0.041474103927612305,
      0.04127073287963867,
      0.04121041297912598,
      0.041155338287353516,
      0.04134869575500488,
      0.041315317153930664,
      0.042203664779663086,
      0.04119229316711426,
      0.041236162185668945,
      0.0412755012512207,
      0.04136991500854492,
      0.0411069393157959,
      0.04121541976928711
    ],