{
  "ERM": {
    "overall_accuracy": 0.9761999845504761,
    "worst_group_accuracy": 0.9716916084289551,
    "group_accuracies": {
      "0": 1.0,
      "1": 0.975346028804779,
      "2": 0.9716916084289551,
      "3": 0.998062014579773
    },
    "group_counts": {
      "0": 515,
      "1": 4624,
      "2": 4345,
      "3": 516
    },
    "avg_margin": 8.700298277127743,
    "group_0_accuracy": 1.0,
    "group_0_margin": 9.17416004625339,
    "group_0_confidence": 0.9998959517015994,
    "group_0_count": 515,
    "group_1_accuracy": 0.9753460207612457,
    "group_1_margin": 8.661749280512229,
    "group_1_confidence": 0.9963801808165431,
    "group_1_count": 4624,
    "group_2_accuracy": 0.9716915995397009,
    "group_2_margin": 8.589637631952968,
    "group_2_confidence": 0.9956476716918419,
    "group_2_count": 4345,
    "group_3_accuracy": 0.998062015503876,
    "group_3_margin": 9.504624347931655,
    "group_3_confidence": 0.9990618246239286,
    "group_3_count": 516
  },
  "JTT": {
    "overall_accuracy": 0.9761999845504761,
    "worst_group_accuracy": 0.9716916084289551,
    "group_accuracies": {
      "0": 1.0,
      "1": 0.975346028804779,
      "2": 0.9716916084289551,
      "3": 0.998062014579773
    },
    "group_counts": {
      "0": 515,
      "1": 4624,
      "2": 4345,
      "3": 516
    },
    "avg_margin": 8.700298277127743,
    "group_0_accuracy": 1.0,
    "group_0_margin": 9.17416004625339,
    "group_0_confidence": 0.9998959517015994,
    "group_0_count": 515,
    "group_1_accuracy": 0.9753460207612457,
    "group_1_margin": 8.661749280512229,
    "group_1_confidence": 0.9963801808165431,
    "group_1_count": 4624,
    "group_2_accuracy": 0.9716915995397009,
    "group_2_margin": 8.589637631952968,
    "group_2_confidence": 0.9956476716918419,
    "group_2_count": 4345,
    "group_3_accuracy": 0.998062015503876,
    "group_3_margin": 9.504624347931655,
    "group_3_confidence": 0.9990618246239286,
    "group_3_count": 516
  },
  "GroupDRO": {
    "overall_accuracy": 0.9891999959945679,
    "worst_group_accuracy": 0.9882623553276062,
    "group_accuracies": {
      "0": 0.9941747784614563,
      "1": 0.9894031286239624,
      "2": 0.9882623553276062,
      "3": 0.9903100728988647
    },
    "group_counts": {
      "0": 515,
      "1": 4624,
      "2": 4345,
      "3": 516
    },
    "avg_margin": 7.213913228311017,
    "group_0_accuracy": 0.9941747572815534,
    "group_0_margin": 7.570232632553693,
    "group_0_confidence": 0.9961377413527479,
    "group_0_count": 515,
    "group_1_accuracy": 0.9894031141868512,
    "group_1_margin": 8.071528493155238,
    "group_1_confidence": 0.9966190383224958,
    "group_1_count": 4624,
    "group_2_accuracy": 0.9882623705408515,
    "group_2_margin": 6.371009111063184,
    "group_2_confidence": 0.9929732804880044,
    "group_2_count": 4345,
    "group_3_accuracy": 0.9903100775193798,
    "group_3_margin": 6.2706979407474055,
    "group_3_confidence": 0.9906674317380254,
    "group_3_count": 516
  },
  "AMR": {
    "overall_accuracy": 0.967199981212616,
    "worst_group_accuracy": 0.9630190134048462,
    "group_accuracies": {
      "0": 0.9980582594871521,
      "1": 0.9630190134048462,
      "2": 0.9647871255874634,
      "3": 0.9941860437393188
    },
    "group_counts": {
      "0": 515,
      "1": 4624,
      "2": 4345,
      "3": 516
    },
    "avg_margin": 1.2055773428488523,
    "group_0_accuracy": 0.9980582524271845,
    "group_0_margin": 1.2992132295682592,
    "group_0_confidence": 0.7864087803849896,
    "group_0_count": 515,
    "group_1_accuracy": 0.9630190311418685,
    "group_1_margin": 1.1826908658331126,
    "group_1_confidence": 0.7774777680790136,
    "group_1_count": 4624,
    "group_2_accuracy": 0.9647871116225547,
    "group_2_margin": 1.2088410766595938,
    "group_2_confidence": 0.7790495005383727,
    "group_2_count": 4345,
    "group_3_accuracy": 0.9941860465116279,
    "group_3_margin": 1.289731731710508,
    "group_3_confidence": 0.7852329137020333,
    "group_3_count": 516
  }
}