{
  "cv": 0.3964139385710851,
  "n_high": 5,
  "n_low": 5,
  "r_quality": null,
  "r_date": null,
  "bimodality": {
    "bimodal": false,
    "dip_stat": 0.09400354235647188,
    "dip_p": 0.6082220124071065,
    "bc": 0.3427370871235589
  },
  "mean_fair": 0.447812779987064,
  "std_fair": 0.17751922785713883,
  "n_total": 10,
  "n_failed": 0
}